"type","id","title","description","recipe_type","item_type","category","ingredients","rewards","recipes_used_in","recipes_created_by","keywords","wiki_path"
"item","provision_coin_1700_ny_tkn","1700 New Yorke Token","A rare 1700 New Yorke Token",,"","","","","","","1700; coin; new; ny; provision; rare; tkn; token; yorke","items/provision_coin_1700_ny_tkn.md"
"item","provision_coin_1787_cent_tkn","1787 One cent Token","A rare 1787 One cent Token",,"","","","","","","1787; cent; coin; one; provision; rare; tkn; token","items/provision_coin_1787_cent_tkn.md"
"item","provision_coin_1789_pny","1789 Penny","A rare 1789 Penny",,"","","","","","","1789; coin; penny; pny; provision; rare","items/provision_coin_1789_pny.md"
"item","provision_coin_1792_lib_qtr","1792 Liberty Quarter","A rare 1792 Liberty Quarter",,"","","","","","","1792; coin; lib; liberty; provision; qtr; quarter; rare","items/provision_coin_1792_lib_qtr.md"
"item","provision_coin_1792_nickel","1792 Nickel","A rare 1792 Nickel",,"","","","","","","1792; coin; nickel; provision; rare","items/provision_coin_1792_nickel.md"
"item","provision_coin_1792_qtr","1792 Quarter","A rare 1792 Quarter",,"","","","","","","1792; coin; provision; qtr; quarter; rare","items/provision_coin_1792_qtr.md"
"item","provision_coin_1794_slv_dlr","1794 Silver Dollar","A rare 1794 Silver Dollar",,"","","","","","","1794; coin; dlr; dollar; provision; rare; silver; slv","items/provision_coin_1794_slv_dlr.md"
"item","provision_coin_1795_hlf_eag","1795 Half Eagle","A rare 1795 Half Eagle",,"","","","","","","1795; coin; eag; eagle; half; hlf; provision; rare","items/provision_coin_1795_hlf_eag.md"
"item","provision_coin_1796_hlf_pny","1796 Half Penny","A rare 1796 Half Penny",,"","","","","","","1796; coin; half; hlf; penny; pny; provision; rare","items/provision_coin_1796_hlf_pny.md"
"item","provision_coin_1797_gld_eag","1797 Gold Eagle","A rare 1797 Gold Eagle",,"","","","","","","1797; coin; eag; eagle; gld; gold; provision; rare","items/provision_coin_1797_gld_eag.md"
"item","provision_coin_1798_slv_dlr","1798 Silver Dollar","A rare 1798 Silver Dollar",,"","","","","","","1798; coin; dlr; dollar; provision; rare; silver; slv","items/provision_coin_1798_slv_dlr.md"
"item","provision_coin_1800_five_dlr","1800 Five Dollar","A rare 1800 Five Dollar",,"","","","","","","1800; coin; dlr; dollar; five; provision; rare","items/provision_coin_1800_five_dlr.md"
"item","provision_coin_1800_gld_dlr","1800 Gold Dollar","A rare 1800 Gold Dollar",,"","","","","","","1800; coin; dlr; dollar; gld; gold; provision; rare","items/provision_coin_1800_gld_dlr.md"
"item","provision_coin_1800_gld_qtr","1800 Gold Quarter","A rare 1800 Gold Quarter",,"","","","","","","1800; coin; gld; gold; provision; qtr; quarter; rare","items/provision_coin_1800_gld_qtr.md"
"item","provision_coin_1800_hlf_dime","1800 Half Dime","A rare 1800 Half Dime",,"","","","","","","1800; coin; dime; half; hlf; provision; rare","items/provision_coin_1800_hlf_dime.md"
"item","provision_jewelry_dmnd_bngle_bracelet","Abell├│ Ruby Bangle Bracelet","A hinged gold bangle with a series of claw set rubies.",,"","","","","","","abell; bangle; bngle; bracelet; claw; dmnd; gold; hinged; jewelry; of; provision; rubies; ruby; series; set; with","items/provision_jewelry_dmnd_bngle_bracelet.md"
"item","absinthe","Absinthe","An anise-flavoured spirit derived from several plants, including the flowers and leaves of Artemisia absinthium",,"","","","","","","absinthe; absinthium; an; and; anise; artemisia; derived; flavoured; flowers; from; including; leaves; of; plants; several; spirit; the","items/absinthe.md"
"item","acid","Acid","A corrosive substance used for various purposes.",,"","","","","","","acid; corrosive; for; purposes; substance; used; various","items/acid.md"
"item","provision_ro_flower_acunas_star","Acunas Star Orchid","The Acunas Star Orchid an be identified by the branching of the stems, alternate leaves, and cream colored petals. The trailing plant is often found on the ground or growing around trees in swampland areas.",,"","","","","","","acunas; alternate; an; and; areas; around; be; branching; by; colored; cream; flower; found; ground; growing; identified; in; is; leaves; of; often; on; or; orchid; petals; plant; provision; ro; star; stems; swampland; the; trailing; trees","items/provision_ro_flower_acunas_star.md"
"item","Agarita","Agarita","A flowering plant found in the wild, known for its medicinal properties.",,"","","","","","","agarita; flowering; for; found; in; its; known; medicinal; plant; properties; the; wild","items/agarita.md"
"item","Agarita_Seed","Agarita Seed","A seed that can be planted to grow Agarita plants.",,"","","","","","","agarita; be; can; grow; planted; plants; seed; that; to","items/agarita_seed.md"
"item","provision_arrowhead_agate","Agate Arrowhead","A rare arrowhead fashioned from sharp, colorful agate.",,"","","","","","","agate; arrowhead; colorful; fashioned; from; provision; rare; sharp","items/provision_arrowhead_agate.md"
"item","collector_fossil_coral","Agatized Coral Fossil","A common piece of agatized coral, weather-beaten but still striking.",,"","","","","","","agatized; beaten; but; collector; common; coral; fossil; of; piece; still; striking; weather","items/collector_fossil_coral.md"
"item","provision_jewelry_gld_cross_necklace","Ainsworth Cross Necklace","A solid gold chain necklace with an etched gold cross.",,"","","","","","","ainsworth; an; chain; cross; etched; gld; gold; jewelry; necklace; provision; solid; with","items/provision_jewelry_gld_cross_necklace.md"
"item","mashalaskan","Alaskan Gin Mash","A mixture of ingredients used in the production of Alaskan gin",,"","","","","","","alaskan; gin; in; ingredients; mash; mashalaskan; mixture; of; production; the; used","items/mashalaskan.md"
"item","mashamerican","Alaskan Gin Mash","A blend of ingredients used in the production of Alaskan gin",,"","","","","","","alaskan; blend; gin; in; ingredients; mash; mashamerican; of; production; the; used","items/mashamerican.md"
"item","Alaskan_Ginseng","Alaskan Ginseng","A type of ginseng native to the Alaskan region, prized for its healing properties.",,"","","","","","","alaskan; for; ginseng; healing; its; native; of; prized; properties; region; the; to; type","items/alaskan_ginseng.md"
"item","Alaskan_Ginseng_Seed","Alaskan Ginseng Seed","A seed that can be planted to grow Alaskan Ginseng.",,"","","","","","","alaskan; be; can; ginseng; grow; planted; seed; that; to","items/alaskan_ginseng_seed.md"
"item","alcohol","Alcohol","An intoxicating beverage consumed for recreational purposes.",,"","","","","","","alcohol; an; beverage; consumed; for; intoxicating; purposes; recreational","items/alcohol.md"
"item","Gator_Egg_3","Aligator Egg 3","The third stage of an alligator egg.",,"","","","","","","aligator; alligator; an; egg; gator; of; stage; the; third","items/gator_egg_3.md"
"item","Gator_Egg_4","Aligator Egg 4","The fourth stage of an alligator egg.",,"","","","","","","aligator; alligator; an; egg; fourth; gator; of; stage; the","items/gator_egg_4.md"
"item","Gator_Egg_5","Aligator Egg 5","The final stage of an alligator egg.",,"","","","","","","aligator; alligator; an; egg; final; gator; of; stage; the","items/gator_egg_5.md"
"item","aligatormeat","Alligator Meat","Raw meat obtained from hunting alligators, suitable for cooking.",,"","","","","","","aligatormeat; alligator; alligators; cooking; for; from; hunting; meat; obtained; raw; suitable","items/aligatormeat.md"
"item","aligators","Alligator Pelt","The skin of an alligator, commonly used for crafting and trading.",,"","","","","","","aligators; alligator; an; and; commonly; crafting; for; of; pelt; skin; the; trading; used","items/aligators.md"
"item","aligatorto","Alligator Tooth","A tooth extracted from an alligator, sometimes used for decorative purposes.",,"","","","","","","aligatorto; alligator; an; decorative; extracted; for; from; purposes; sometimes; tooth; used","items/aligatorto.md"
"item","American_Ginseng","American Ginseng","A species of ginseng native to North America, valued for its medicinal properties.",,"","","","","","","america; american; for; ginseng; its; medicinal; native; north; of; properties; species; to; valued","items/american_ginseng.md"
"item","American_Ginseng_Seed","American Ginseng Seed","A seed that can be planted to grow American Ginseng.",,"","","","","","","american; be; can; ginseng; grow; planted; seed; that; to","items/american_ginseng_seed.md"
"item","provision_disco_ammolite","Ammolite","Fossilized shell of an ammonite.",,"","","","","","","ammolite; ammonite; an; disco; fossilized; of; provision; shell","items/provision_disco_ammolite.md"
"item","provision_disco_ancient_eagle","Ancient Eagle","An ancient eagle statue.",,"","","","","","","an; ancient; disco; eagle; provision; statue","items/provision_disco_ancient_eagle.md"
"item","provision_disco_ancient_necklace","Ancient Necklace","An ancient necklace.",,"","","","","","","an; ancient; disco; necklace; provision","items/provision_disco_ancient_necklace.md"
"item","oxhorn","Angus Bull horn","A sturdy horn from an Angus Bull.",,"","","","","","","an; angus; bull; from; horn; oxhorn; sturdy","items/oxhorn.md"
"item","oxs","Angus Bull pelt","The thick fur and skin of an Angus Bull.",,"","","","","","","an; and; angus; bull; fur; of; oxs; pelt; skin; the; thick","items/oxs.md"
"item","Fat","Animal Fat","Rendered fat obtained from animals, commonly used in cooking and crafting.",,"","","","","","","and; animal; animals; commonly; cooking; crafting; fat; from; in; obtained; rendered; used","items/fat.md"
"item","antipoison2","Anti Snake Poison","A poison used to fend off snakes",,"","","","","","","anti; antipoison2; fend; off; poison; snake; snakes; to; used","items/antipoison2.md"
"item","antipoison","Antipoison","A medicine used to counteract the effects of poison",,"","","","","","","antipoison; counteract; effects; medicine; of; poison; the; to; used","items/antipoison.md"
"item","apple","Apple","A juicy and delicious fruit",,"","","","","apple_pie; porkchops_and_applesauce","","and; apple; applepie; applesauce; consumable; delicious; fruit; juicy; pie; porkchops; porknapples","items/apple.md"
"item","apple_barrel","Apple Barrel","A barrel filled with fresh apples",,"","","","","","","apple; apples; barrel; filled; fresh; with","items/apple_barrel.md"
"item","applebarrel","Apple Barrel","A barrel filled with fresh apples",,"","","","","","","apple; applebarrel; apples; barrel; filled; fresh; with","items/applebarrel.md"
"item","apple_basket","Apple Basket","A basket filled with fresh apples",,"","","","","","","apple; apples; basket; filled; fresh; with","items/apple_basket.md"
"item","applebasket","Apple Basket","A basket filled with fresh apples",,"","","","","","","apple; applebasket; apples; basket; filled; fresh; with","items/applebasket.md"
"item","mashapple","Apple Mash","A mashed mixture of apples used for various recipes",,"","","","","","","apple; apples; for; mash; mashapple; mashed; mixture; of; recipes; used; various","items/mashapple.md"
"item","consumable_applepie","Apple Pie","A freshly baked apple pie.",,"","","","","","apple_pie","apple; applepie; baked; consumable; freshly; pie","items/consumable_applepie.md"
"item","Apple_Seed","Apple Seed","A seed used for growing apple trees",,"","","","","","","apple; for; growing; seed; trees; used","items/apple_seed.md"
"item","armadilloc","Armadillo Claws","Sharp claws harvested from an Armadillo",,"","","","","","","an; armadillo; armadilloc; claws; from; harvested; sharp","items/armadilloc.md"
"item","armadillos","Armadillo Pelt","A pelt taken from an Armadillo",,"","","","","","","an; armadillo; armadillos; from; pelt; taken","items/armadillos.md"
"item","ammoarrowdynamite","Arrow Dynamite","An explosive arrow designed to cause significant damage upon impact.",,"","","","","","","ammoarrowdynamite; an; arrow; cause; damage; designed; dynamite; explosive; impact; significant; to; upon","items/ammoarrowdynamite.md"
"item","ammoarrowfire","Arrow Fire","An arrow equipped with a flaming tip, capable of setting targets on fire.",,"","","","","","","ammoarrowfire; an; arrow; capable; equipped; fire; flaming; of; on; setting; targets; tip; with","items/ammoarrowfire.md"
"item","ammoarrowimproved","Arrow Improved","An upgraded arrow with improved accuracy and damage.",,"","","","","","","accuracy; ammoarrowimproved; an; and; arrow; damage; improved; upgraded; with","items/ammoarrowimproved.md"
"item","ammoarrownormal","Arrow Normal","A standard arrow used with bows for hunting and combat.",,"","","","","","","ammoarrownormal; and; arrow; bows; combat; for; hunting; normal; standard; used; with","items/ammoarrownormal.md"
"item","ammoarrowpoison","Arrow Poison","An arrow coated with a poisonous substance, capable of inflicting additional damage over time.",,"","","","","","","additional; ammoarrowpoison; an; arrow; capable; coated; damage; inflicting; of; over; poison; poisonous; substance; time; with","items/ammoarrowpoison.md"
"item","ammoarrowsmallgame","Arrow Small Game","A specialized arrow designed for hunting small game without damaging their pelts.",,"","","","","","","ammoarrowsmallgame; arrow; damaging; designed; for; game; hunting; pelts; small; specialized; their; without","items/ammoarrowsmallgame.md"
"item","provision_jewelry_onyx_ring","Aubrey Onyx Ring","A rare white gold ring with a bezel set diamond surrounded by polished onyx.",,"","","","","","","aubrey; bezel; by; diamond; gold; jewelry; onyx; polished; provision; rare; ring; set; surrounded; white; with","items/provision_jewelry_onyx_ring.md"
"item","bacon","Bacon","Bacon what else do you need to know?",,"","","","","","","bacon; do; else; know; need; to; what; you","items/bacon.md"
"item","badgers","Badger skin","Skin obtained from a badger.",,"","","","","","","badger; badgers; from; obtained; skin","items/badgers.md"
"item","bait","Bait","Used as bait to attract fish while fishing.",,"","","","","","","as; attract; bait; fish; fishing; to; used; while","items/bait.md"
"item","provision_jewelry_topaz_ring","Banais Topaz Ring","A neat silver wedding ring with brilliant cut topaz.",,"","","","","","","banais; brilliant; cut; jewelry; neat; provision; ring; silver; topaz; wedding; with","items/provision_jewelry_topaz_ring.md"
"item","banana","Banana","A delicious and nutritious tropical fruit.",,"","","","","","","and; banana; delicious; fruit; nutritious; tropical","items/banana.md"
"item","bandage","Bandage","A medical item used to dress wounds.",,"","","","","","","bandage; dress; item; medical; to; used; wounds","items/bandage.md"
"item","bandage_2","Bandage","A medical item used to dress wounds.",,"","","","","","","bandage; dress; item; medical; to; used; wounds","items/bandage_2.md"
"item","kit_bandana","Bandana","A versatile and stylish piece of cloth that can be worn around the neck or head for various purposes. It adds a touch of fashion to any outfit.",,"","","","","","","adds; and; any; around; bandana; be; can; cloth; fashion; for; head; it; kit; neck; of; or; outfit; piece; purposes; stylish; that; the; to; touch; various; versatile; worn","items/kit_bandana.md"
"item","barrel","Barrel","A container made of wood or metal used for storing or transporting goods.",,"","","","","","","barrel; container; for; goods; made; metal; of; or; storing; transporting; used; wood","items/barrel.md"
"item","p_barrelmoonshine","Barrel","A container, typically made of wood, used for storing and aging moonshine.",,"","","","","","","aging; and; barrel; barrelmoonshine; container; for; made; moonshine; of; storing; typically; used; wood","items/p_barrelmoonshine.md"
"item","bat_c","Bat","A flying mammal known for its nocturnal habits.",,"","","","","","","bat; flying; for; habits; its; known; mammal; nocturnal","items/bat_c.md"
"item","Bay_Bolete","Bay Bolete","An edible mushroom with a brown cap and yellow pores.",,"","","","","","","an; and; bay; bolete; brown; cap; edible; mushroom; pores; with; yellow","items/bay_bolete.md"
"item","Bay_Bolete_Seed","Bay Bolete Seed","A seed that can be planted to grow Bay Bolete mushrooms.",,"","","","","","","bay; be; bolete; can; grow; mushrooms; planted; seed; that; to","items/bay_bolete_seed.md"
"item","bear_bench","Bear Bench","A bench made from the hide and bones of a bear.",,"","","","","","","and; bear; bench; bones; from; hide; made; of; the","items/bear_bench.md"
"item","bearbench","Bear Bench","A bench made from the hide and bones of a bear.",,"","","","","","","and; bear; bearbench; bench; bones; from; hide; made; of; the","items/bearbench.md"
"item","bearc","Bear claws","Sharp claws obtained from a bear.",,"","","","","","","bear; bearc; claws; from; obtained; sharp","items/bearc.md"
"item","beart","Bear tooth","A tooth obtained from a bear.",,"","","","","","","bear; beart; from; obtained; tooth","items/beart.md"
"item","beartrap","Beartrap","A sturdy beartrap used for catching animals or stopping trespassers",,"","","","","","","animals; beartrap; catching; for; or; stopping; sturdy; trespassers; used","items/beartrap.md"
"item","provision_jewelry_rudy_dngl_earring","Beauch├¬ne Ruby Earrings","Elaborate gold hook earrings with vivid rubies.",,"","","","","","","beauch; dngl; earring; earrings; elaborate; gold; hook; jewelry; ne; provision; rubies; ruby; rudy; vivid; with","items/provision_jewelry_rudy_dngl_earring.md"
"item","provision_jewelry_french_dmnd_ring","Beaulieux Diamond Ring","A number of old mine cut diamonds claw set in a silver ring from France.",,"","","","","","","beaulieux; claw; cut; diamond; diamonds; dmnd; france; french; from; in; jewelry; mine; number; of; old; provision; ring; set; silver","items/provision_jewelry_french_dmnd_ring.md"
"item","beawers","Beaver pelt","A pelt obtained from a beaver.",,"","","","","","","beaver; beawers; from; obtained; pelt","items/beawers.md"
"item","beavertail","Beaver tail","A flat and scaly tail obtained from a beaver.",,"","","","","","","and; beaver; beavertail; flat; from; obtained; scaly; tail","items/beavertail.md"
"item","beef","Beef","Fresh and tender beef meat.",,"","","","","","","and; beef; fresh; meat; tender","items/beef.md"
"item","beefjerky","Beef Jerky","Dried and seasoned beef meat.",,"","","","","premium_beef_jerky","beef_jerky","and; beef; beefjerky; dried; jerky; meat; premium; seasoned","items/beefjerky.md"
"item","beer","Beer","An alcoholic beverage brewed from grains.",,"","","","","","","alcoholic; an; beer; beverage; brewed; from; grains","items/beer.md"
"item","beerbox","Beer Box","A container holding multiple bottles of beer.",,"","","","","","","beer; beerbox; bottles; box; container; holding; multiple; of","items/beerbox.md"
"item","consumable_raspberrywater","Berry Water","Refreshing water infused with berries.",,"","","","","","","berries; berry; consumable; infused; raspberrywater; refreshing; water; with","items/consumable_raspberrywater.md"
"item","bigchest","Big Chest","A large chest for storing items.",,"","","","","","","big; bigchest; chest; for; items; large; storing","items/bigchest.md"
"item","biggame","Big Game Meat","Meat obtained from a large game animal.",,"","","","","plain_big_game_meat; seasoned_big_game","","animal; big; biggame; cooked; cookedbiggamemeat; from; game; large; meat; obtained; plain; saltedcookedbiggamemeat; seasoned","items/biggame.md"
"item","Big_Leather","Big Leather","Large piece of leather.",,"","","","","","","big; large; leather; of; piece","items/big_leather.md"
"item","fishmeat","Bigfish Meat","Meat obtained from large fish species, known for its tender texture and rich flavor.",,"","","","","","","and; bigfish; fish; fishmeat; flavor; for; from; its; known; large; meat; obtained; rich; species; tender; texture","items/fishmeat.md"
"item","bird","Bird Meat","Meat obtained from a bird.",,"","","","","bird_stew; bird_stew_2; plain_cooked_bird","","bird; birdstew; cooked; cookedbird; from; meat; obtained; plain; stew","items/bird.md"
"item","biscuitbox","Biscuitbox","A box of assorted biscuits.",,"","","","","","","assorted; biscuitbox; biscuits; box; of","items/biscuitbox.md"
"item","bisonhorn","Bison horn","A horn obtained from a bison.",,"","","","","","","bison; bisonhorn; from; horn; obtained","items/bisonhorn.md"
"item","bisons","Bison pelt","A pelt obtained from a bison.",,"","","","","","","bison; bisons; from; obtained; pelt","items/bisons.md"
"item","Bitter_Weed","Bitter Weed","A type of bitter herb.",,"","","","","","","bitter; herb; of; type; weed","items/bitter_weed.md"
"item","Bitter_Weed_Seed","Bitter Weed Seed","A seed that can be planted to grow bitter weed.",,"","","","","","","be; bitter; can; grow; planted; seed; that; to; weed","items/bitter_weed_seed.md"
"item","collector_fossil_bivalve","Bivalve Fossil","A common fossilized mollusc, badly worn.",,"","","","","","","badly; bivalve; collector; common; fossil; fossilized; mollusc; worn","items/collector_fossil_bivalve.md"
"item","bbears","Black Bear skin","Skin obtained from a black bear.",,"","","","","","","bbears; bear; black; from; obtained; skin","items/bbears.md"
"item","Black_Berry","Black Berry","A small and sweet black-colored berry.",,"","","","","","","and; berry; black; colored; small; sweet","items/black_berry.md"
"item","blackberryale","Black Berry Ale","An ale made from blackberries.",,"","","","","","","ale; an; berry; black; blackberries; blackberryale; from; made","items/blackberryale.md"
"item","wildCiderMash","Black Berry Mash","Mashed blackberries used for making cider.",,"","","","","","","berry; black; blackberries; cider; for; making; mash; mashed; used; wildcidermash","items/wildcidermash.md"
"item","wildCiderMoonshine","Black Berry Moonshine","Homemade moonshine crafted from blackberries.",,"","","","","","","berry; black; blackberries; crafted; from; homemade; moonshine; wildcidermoonshine","items/wildcidermoonshine.md"
"item","Black_Berry_Seed","Black Berry Seed","A seed that can be planted to grow blackberries.",,"","","","","","","be; berry; black; blackberries; can; grow; planted; seed; that; to","items/black_berry_seed.md"
"item","Black_Currant","Black Currant","A small dark purple berry with a tart flavor.",,"","","","","","","berry; black; currant; dark; flavor; purple; small; tart; with","items/black_currant.md"
"item","Black_Currant_Seed","Black Currant Seed","A seed that can be planted to grow black currants.",,"","","","","","","be; black; can; currant; currants; grow; planted; seed; that; to","items/black_currant_seed.md"
"item","squirrel_black_c","Black Squirrel","A black squirrel",,"","","","","","","black; squirrel","items/squirrel_black_c.md"
"item","mashblackberry","Blackberry Mash","A mashed mixture of blackberries used in cooking and beverages",,"","","","","","","and; beverages; blackberries; blackberry; cooking; in; mash; mashblackberry; mashed; mixture; of; used","items/mashblackberry.md"
"item","mashblackberry90p","Blackberry Mash 90p","A concentrated blackberry mash used for crafting high-quality beverages",,"","","","","","","90p; beverages; blackberry; concentrated; crafting; for; high; mash; mashblackberry90p; quality; used","items/mashblackberry90p.md"
"item","fsnakes","Blacktail rattlesnake pelt","The skin of a blacktail rattlesnake.",,"","","","","","","blacktail; fsnakes; of; pelt; rattlesnake; skin; the","items/fsnakes.md"
"item","blanket_box","Blanket Box","A box used for storing blankets.",,"","","","","","","blanket; blankets; box; for; storing; used","items/blanket_box.md"
"item","blanketbox","Blanket Box","A box used for storing blankets.",,"","","","","","","blanket; blanketbox; blankets; box; for; storing; used","items/blanketbox.md"
"item","fertilizerbless","Blessed Fertilizer","Sacred fertilizer imbued with spiritual blessings, known to enhance crop yield.",,"","","","","","","blessed; blessings; crop; enhance; fertilizer; fertilizerbless; imbued; known; sacred; spiritual; to; with; yield","items/fertilizerbless.md"
"item","Blood_Flower","Blood Flower","A type of flower with red petals.",,"","","","","","","blood; flower; of; petals; red; type; with","items/blood_flower.md"
"item","Blood_Flower_Seed","Blood Flower Seed","A seed that can be planted to grow blood flowers.",,"","","","","","","be; blood; can; flower; flowers; grow; planted; seed; that; to","items/blood_flower_seed.md"
"item","bluejay_c","Blue jay","A colorful bird known as blue jay.",,"","","","","","","as; bird; blue; bluejay; colorful; jay; known","items/bluejay_c.md"
"item","blueberry","Blueberry","A small sweet fruit with a bluish color.",,"","","","","blueberry_pie","","blueberry; blueberrypie; bluish; color; consumable; fruit; pie; small; sweet; with","items/blueberry.md"
"item","consumable_blueberrypie","Blueberry Pie","A delicious pie made with blueberries.",,"","","","","","blueberry_pie","blueberries; blueberry; blueberrypie; consumable; delicious; made; pie; with","items/consumable_blueberrypie.md"
"item","boaskin","Boa Snake pelt","A snake skin obtained from a boa.",,"","","","","","","boa; boaskin; from; obtained; pelt; skin; snake","items/boaskin.md"
"item","provision_hrlm_brush_boar","Boar bristle Brush","A beautifully made boar bristle brush.",,"","","","","","","beautifully; boar; bristle; brush; hrlm; made; provision","items/provision_hrlm_brush_boar.md"
"item","boars","Boar pelt","A pelt obtained from a boar.",,"","","","","","","boar; boars; from; obtained; pelt","items/boars.md"
"item","boarmusk","Boar tusk","A large tusk obtained from a boar.",,"","","","","","","boar; boarmusk; from; large; obtained; tusk","items/boarmusk.md"
"item","boiledegg","Boiled Egg","An egg cooked by boiling.",,"","","","","","","an; boiled; boiledegg; boiling; by; cooked; egg","items/boiledegg.md"
"item","ammobolahawk","Bola Ammo Hawk","A projectile consisting of weights attached to ropes, used to immobilize targets.",,"","","","","","","ammo; ammobolahawk; attached; bola; consisting; hawk; immobilize; of; projectile; ropes; targets; to; used; weights","items/ammobolahawk.md"
"item","ammobolainterwired","Bola Ammo Interwired","A reinforced bola ammunition with interwoven materials, providing enhanced durability.",,"","","","","","","ammo; ammobolainterwired; ammunition; bola; durability; enhanced; interwired; interwoven; materials; providing; reinforced; with","items/ammobolainterwired.md"
"item","ammobolaironspiked","Bola Ammo Ironspiked","A bola ammunition featuring iron spikes, inflicting additional damage to immobilized targets.",,"","","","","","","additional; ammo; ammobolaironspiked; ammunition; bola; damage; featuring; immobilized; inflicting; iron; ironspiked; spikes; targets; to","items/ammobolaironspiked.md"
"item","ammobolla","Bolla Ammo","A weighted throwing weapon used to ensnare and immobilize targets.",,"","","","","","","ammo; ammobolla; and; bolla; ensnare; immobilize; targets; throwing; to; used; weapon; weighted","items/ammobolla.md"
"item","bolts","Bolts","Metal bolts often used in construction.",,"","","","","","","bolts; construction; in; metal; often; used","items/bolts.md"
"item","provision_db_finger_bone","Bone","A small bone possibly from a finger.",,"","","","","","","bone; db; finger; from; possibly; provision; small","items/provision_db_finger_bone.md"
"item","provision_arrowhead_bone","Bone Arrowhead","A serrated arrowhead made from animal bone.",,"","","","","","","animal; arrowhead; bone; from; made; provision; serrated","items/provision_arrowhead_bone.md"
"item","provision_jewelry_pearl_ring","Bonnard Pearl Ring","A valuable pearl set into a white gold band.",,"","","","","","","band; bonnard; gold; into; jewelry; pearl; provision; ring; set; valuable; white","items/provision_jewelry_pearl_ring.md"
"item","book","Book","A written or printed work consisting of pages.",,"","","","","","","book; consisting; of; or; pages; printed; work; written","items/book.md"
"item","provision_jewelry_emerald_ring","Bosque Emerald Ring","A gold band with an extravagant bezel set Columbian emerald.",,"","","","","","","an; band; bezel; bosque; columbian; emerald; extravagant; gold; jewelry; provision; ring; set; with","items/provision_jewelry_emerald_ring.md"
"item","bcandle","Bottle Candle","A candle made from a glass bottle.",,"","","","","","","bcandle; bottle; candle; from; glass; made","items/bcandle.md"
"item","bountylicns","Bounty Hunter License","A license granting permission to be a bounty hunter.",,"","","","","","","be; bounty; bountylicns; granting; hunter; license; permission; to","items/bountylicns.md"
"item","bouquet","Bouquet","A collection of flowers arranged in an artistic way.",,"","","","","","","an; arranged; artistic; bouquet; collection; flowers; in; of; way","items/bouquet.md"
"item","cordbow","Bow Cord","Cord used for making a bow.",,"","","","","","","bow; cord; cordbow; for; making; used","items/cordbow.md"
"item","provision_hrlm_comb_boxwood","Boxwood Comb","A finley made boxwood comb.",,"","","","","","","boxwood; comb; finley; hrlm; made; provision","items/provision_hrlm_comb_boxwood.md"
"item","collector_fossil_brachiopod","Brachiopod Fossil","A common Brachiopod fossil with some chips and scrapes.",,"","","","","","","and; brachiopod; chips; collector; common; fossil; scrapes; some; with","items/collector_fossil_brachiopod.md"
"item","unique_brad_horsesugar","Brad Horse Sugar","Sugar used for horses owned by Brad.",,"","","","","","","brad; by; for; horse; horses; horsesugar; owned; sugar; unique; used","items/unique_brad_horsesugar.md"
"item","provision_bra_shield","Brass Shield","An old brass shield. Probably valuable.",,"","","","","","","an; bra; brass; old; probably; provision; shield; valuable","items/provision_bra_shield.md"
"item","provision_jewelry_porcelain_necklace","Braxton Amethyst Necklace","A fashionable necklace with a porcelain hand painted miniature.",,"","","","","","","amethyst; braxton; fashionable; hand; jewelry; miniature; necklace; painted; porcelain; provision; with","items/provision_jewelry_porcelain_necklace.md"
"item","p_baitBread01x","Bread Bait","A piece of bread used as bait for fishing.",,"","","","","","","as; bait; baitbread01x; bread; fishing; for; of; piece; used","items/p_baitbread01x.md"
"item","consumable_breakfast","Breakfast","A hearty breakfast meal.",,"","","","","","breakfast","breakfast; consumable; hearty; meal","items/consumable_breakfast.md"
"item","mp001_p_mp_still02x","Brennerei","A large still used for distilling alcoholic beverages",,"","","","","","","alcoholic; beverages; brennerei; distilling; for; large; mp; mp001; still; still02x; used","items/mp001_p_mp_still02x.md"
"item","brokenpearlnecklace","Broken Pearl Necklace","A broken pearl necklace.",,"","","","","","","broken; brokenpearlnecklace; necklace; pearl","items/brokenpearlnecklace.md"
"item","collector_fossil_brow_horn","Brow Horn Fossil","A rare fossilized brow horn, believed to have belonged to a Triceratops.",,"","","","","","","believed; belonged; brow; collector; fossil; fossilized; have; horn; rare; to; triceratops","items/collector_fossil_brow_horn.md"
"item","bmdresser","brown mirror dresser","A dresser with a brown mirror.",,"","","","","","","bmdresser; brown; dresser; mirror; with","items/bmdresser.md"
"item","bwdresser","brown wood dresser","A dresser made of brown wood.",,"","","","","","","brown; bwdresser; dresser; made; of; wood","items/bwdresser.md"
"item","buckantler","Buck Antlers","Antlers obtained from a buck.",,"","","","","","","antlers; buck; buckantler; from; obtained","items/buckantler.md"
"item","bucks","Buck skin","A pelt obtained from a buck.",,"","","","","","","buck; bucks; from; obtained; pelt; skin","items/bucks.md"
"item","bullhorn","Bull horn","A horn obtained from a bull.",,"","","","","","","bull; bullhorn; from; horn; obtained","items/bullhorn.md"
"item","bulls","Bull pelt","A pelt obtained from a bull.",,"","","","","","","bull; bulls; from; obtained; pelt","items/bulls.md"
"item","Bulrush","Bulrush","A type of tall wetland plant.",,"","","","","","","bulrush; of; plant; tall; type; wetland","items/bulrush.md"
"item","Bulrush_Seed","Bulrush Seed","A seed that can be planted to grow bulrushes.",,"","","","","","","be; bulrush; bulrushes; can; grow; planted; seed; that; to","items/bulrush_seed.md"
"item","bunkbed","bunk bed","A bed with two tiers, designed for multiple occupants.",,"","","","","","","bed; bunk; bunkbed; designed; for; multiple; occupants; tiers; two; with","items/bunkbed.md"
"item","Burdock_Root","Burdock Root","The root of a burdock plant, often used for medicinal purposes.",,"","","","","","","burdock; for; medicinal; of; often; plant; purposes; root; the; used","items/burdock_root.md"
"item","Burdock_Root_Seed","Burdock Root Seed","A seed that can be planted to grow burdock roots.",,"","","","","","","be; burdock; can; grow; planted; root; roots; seed; that; to","items/burdock_root_seed.md"
"item","provision_jewelry_turq_stud_earring","Calumet Turquoise Earrings","Lavish gold studs with claw set turquoise stones.",,"","","","","","","calumet; claw; earring; earrings; gold; jewelry; lavish; provision; set; stones; stud; studs; turq; turquoise; with","items/provision_jewelry_turq_stud_earring.md"
"item","camera","Camera","A device used to capture photographs.",,"","","","","","","camera; capture; device; photographs; to; used","items/camera.md"
"item","flag","Camp Flag","A colorful and distinctive flag used to mark and identify a campsite or specific location.",,"","","","","","","and; camp; campsite; colorful; distinctive; flag; identify; location; mark; or; specific; to; used","items/flag.md"
"item","token","Camp License","A license for setting up a camp.",,"","","","","","","camp; for; license; setting; token; up","items/token.md"
"item","campfire","Campfire","A fire pit used for cooking and warmth during camping.",,"","","","","","campfire","and; campfire; camping; cooking; during; fire; for; pit; used; warmth","items/campfire.md"
"item","candlea","Candle","A wax candle that provides light.",,"","","","","","","candle; candlea; light; provides; that; wax","items/candlea.md"
"item","cane","Cane","A walking stick for support and stability.",,"","","","","","","and; cane; for; stability; stick; support; walking","items/cane.md"
"item","tent4","Canvas Shade","A canvas shade for shelter.",,"","","","","","","canvas; for; shade; shelter; tent4","items/tent4.md"
"item","provision_capitale","Capitale","Capitale. very valuable.",,"","","","","","","capitale; provision; valuable; very","items/provision_capitale.md"
"item","consumable_caramel","Caramel","Sweet and sticky caramel.",,"","","","","","","and; caramel; consumable; sticky; sweet","items/consumable_caramel.md"
"item","cardinal_c","Cardinal bird","A small, colorful bird known for its distinctive crest.",,"","","","","","","bird; cardinal; colorful; crest; distinctive; for; its; known; small","items/cardinal_c.md"
"item","Cardinal_Flower","Cardinal Flower","A vibrant red flower often found near water.",,"","","","","","","cardinal; flower; found; near; often; red; vibrant; water","items/cardinal_flower.md"
"item","Cardinal_Flower_Seed","Cardinal Flower Seed","A seed that can be planted to grow Cardinal Flowers.",,"","","","","","","be; can; cardinal; flower; flowers; grow; planted; seed; that; to","items/cardinal_flower_seed.md"
"item","carrots","Carrot","An orange root vegetable commonly used in cooking.",,"","","","","bird_stew; bird_stew_2; veggie_stew","","an; bird; birdstew; carrot; carrots; commonly; cooking; in; orange; root; stew; used; vegetable; veggie; vegstew","items/carrots.md"
"item","cedarwaxwing_c","Cedar waxwing","A medium-sized bird with a distinctive crest and red tips on its wings.",,"","","","","","","and; bird; cedar; cedarwaxwing; crest; distinctive; its; medium; on; red; sized; tips; waxwing; wings; with","items/cedarwaxwing_c.md"
"item","collector_fossil_cephalopod","Cephalopod Fossil","A common cephalopod fossil. Slightly damaged and brittle.",,"","","","","","","and; brittle; cephalopod; collector; common; damaged; fossil; slightly","items/collector_fossil_cephalopod.md"
"item","Chanterelles","Chanterelles","A type of edible mushroom with a fruity aroma.",,"","","","","","","aroma; chanterelles; edible; fruity; mushroom; of; type; with","items/chanterelles.md"
"item","consumable_herb_chanterelles","Chanterelles","A bundle of Chanterelle mushrooms.",,"","","","","","","bundle; chanterelle; chanterelles; consumable; herb; mushrooms; of","items/consumable_herb_chanterelles.md"
"item","Chanterelles_Seed","Chanterelles Seed","A seed that can be planted to grow Chanterelles mushrooms.",,"","","","","","","be; can; chanterelles; grow; mushrooms; planted; seed; that; to","items/chanterelles_seed.md"
"item","char","Char","A type of fish commonly found in cold, deep lakes and rivers.",,"","","","","","","and; char; cold; commonly; deep; fish; found; in; lakes; of; rivers; type","items/char.md"
"item","p_baitCheese01x","Cheese Bait","A soft cheese bait, favored by fish with a strong sense of smell like catfish.",,"","","","","","","bait; baitcheese01x; by; catfish; cheese; favored; fish; like; of; sense; smell; soft; strong; with","items/p_baitcheese01x.md"
"item","cheesecake","Cheesecake","A tasty cheesecake.",,"","","","","","","cheesecake; tasty","items/cheesecake.md"
"item","provision_hrlm_comb_cherrywood","Cherrywood Comb","A exquisite cheerywood comb.",,"","","","","","","cheerywood; cherrywood; comb; exquisite; hrlm; provision","items/provision_hrlm_comb_cherrywood.md"
"item","chestc","Chest C","A storage container used to store items securely.",,"","","","","","","chest; chestc; container; items; securely; storage; store; to; used","items/chestc.md"
"item","chewingtobacco","Chewing Tobacco","A form of tobacco that is chewed rather than smoked.",,"","","","","","","chewed; chewing; chewingtobacco; form; is; of; rather; smoked; than; that; tobacco","items/chewingtobacco.md"
"item","chickenf","Chicken feather","A feather obtained from a chicken.",,"","","","","","","chicken; chickenf; feather; from; obtained","items/chickenf.md"
"item","chickenheart","Chicken heart","The internal organ of a chicken.",,"","","","","","","chicken; chickenheart; heart; internal; of; organ; the","items/chickenheart.md"
"item","consumable_chickenpie","Chicken Pie","A delicious pie made with chicken.",,"","","","","","","chicken; chickenpie; consumable; delicious; made; pie; with","items/consumable_chickenpie.md"
"item","chipmunk_c","Chipmunk","A small, striped rodent known for its burrowing habits.",,"","","","","","","burrowing; chipmunk; for; habits; its; known; rodent; small; striped","items/chipmunk_c.md"
"item","provision_arrowhead_chipped","Chipped Arrowhead","A hurriedly made arrowhead made from chiseled flint.",,"","","","","","","arrowhead; chipped; chiseled; flint; from; hurriedly; made; provision","items/provision_arrowhead_chipped.md"
"item","Choc_Daisy","Choc Daisy","A beautiful Choc Daisy.",,"","","","","","","beautiful; choc; daisy","items/choc_daisy.md"
"item","Choc_Daisy_Seed","Choc Daisy Seed","A seed to grow Choc Daisies.",,"","","","","","","choc; daisies; daisy; grow; seed; to","items/choc_daisy_seed.md"
"item","consumable_chocolate","Chocolate Bar","A delicious chocolate bar.",,"","","","","","","bar; chocolate; consumable; delicious","items/consumable_chocolate.md"
"item","chococake","Chocolate Cake","A tasty chocolate cake.",,"","","","","","","cake; chococake; chocolate; tasty","items/chococake.md"
"item","consumable_chocolatecake","Chocolate Cake","A tasty chocolate cake.",,"","","","","","","cake; chocolate; chocolatecake; consumable; tasty","items/consumable_chocolatecake.md"
"item","consumable_chocolatecoffee","Chocolate Coffee","A chocolate flaverd coffee drink.",,"","","","","","","chocolate; chocolatecoffee; coffee; consumable; drink; flaverd","items/consumable_chocolatecoffee.md"
"item","cigarettefilter","Cig Filter","A filter for cigarettes.",,"","","","","","","cig; cigarettefilter; cigarettes; filter; for","items/cigarettefilter.md"
"item","cigar","Cigar","A fine cigar for relaxing.",,"","","","","","cigar","cigar; fine; for; relaxing","items/cigar.md"
"item","provision_ro_flower_cigar","Cigar Orchid","The Cigar Orchid can be identified by the inflorescence which can produce around five hundred bright yellow flowers with purple and brown markings.",,"","","","","","","and; around; be; bright; brown; by; can; cigar; five; flower; flowers; hundred; identified; inflorescence; markings; orchid; produce; provision; purple; ro; the; which; with; yellow","items/provision_ro_flower_cigar.md"
"item","cigarette","Cigarette","A cigarette for a quick smoke.",,"","","","","","cigarette","cigarette; for; quick; smoke","items/cigarette.md"
"item","provision_ro_flower_clamshell","Clamshell Orchid","The Clamshell Orchid can be identified by the deep purple and white petals with yellow streaks, and thin leaves.",,"","","","","","","and; be; by; can; clamshell; deep; flower; identified; leaves; orchid; petals; provision; purple; ro; streaks; the; thin; white; with; yellow","items/provision_ro_flower_clamshell.md"
"item","guitar","Classic Guitar","A traditional six-string guitar.",,"","","","","","","classic; guitar; six; string; traditional","items/guitar.md"
"item","clay","Clay","A block of clay for crafting.",,"","","","","","","block; clay; crafting; for; of","items/clay.md"
"item","cleanser","Cleanser","A cleanser for various uses.",,"","","","","","","cleanser; for; uses; various","items/cleanser.md"
"item","cloth","Cloth","Simple cloth with many uses.",,"","","","","bedroll; tent","cloth","bedroll; cloth; many; simple; tent; uses; with","items/cloth.md"
"item","cloth_bench","Cloth Bench","A bench made of cloth material.",,"","","","","","","bench; cloth; made; material; of","items/cloth_bench.md"
"item","clothbench","Cloth Bench","A bench made of cloth material.",,"","","","","","","bench; cloth; clothbench; made; material; of","items/clothbench.md"
"item","clothes_line","Clothes Line","A line for hanging clothes.",,"","","","","","","clothes; for; hanging; line","items/clothes_line.md"
"item","clothesline","Clothes Line","A line for hanging clothes.",,"","","","","","","clothes; clothesline; for; hanging; line","items/clothesline.md"
"item","coal","Coal","A chunk of coal for fuel.",,"","","","","campfire","","campfire; chunk; coal; for; fuel; of","items/coal.md"
"item","cocoa","Cocoa","Cocoa beans for making chocolate.",,"","","","","","","beans; chocolate; cocoa; for; making","items/cocoa.md"
"item","cocoaseeds","Cocoa Seeds","Seeds to grow cocoa plants.",,"","","","","","","cocoa; cocoaseeds; grow; plants; seeds; to","items/cocoaseeds.md"
"item","consumable_coffee","Coffee","A warm cup of coffee.",,"","","","","","","coffee; consumable; cup; of; warm","items/consumable_coffee.md"
"item","coffeebeans","Coffee Beans","Coffee beans for making that beautiful brew.",,"","","","","","","beans; beautiful; brew; coffee; coffeebeans; for; making; that","items/coffeebeans.md"
"item","consumable_coffeecake","Coffee Cake","A delicious coffee cake.",,"","","","","","","cake; coffee; coffeecake; consumable; delicious","items/consumable_coffeecake.md"
"item","coffeefilter","Coffee Filter","A simple coffee filter.",,"","","","","","","coffee; coffeefilter; filter; simple","items/coffeefilter.md"
"item","undertaker1","Coffin","A wooden coffin.",,"","","","","","","coffin; undertaker1; wooden","items/undertaker1.md"
"item","coffindecor","Coffin Decor","Decorations for a coffin.",,"","","","","","","coffin; coffindecor; decor; decorations; for","items/coffindecor.md"
"item","money_coin","Coin","A simple metal coin",,"","","","","","","coin; metal; money; simple","items/money_coin.md"
"item","money_coinpurse","Coin Purse","A small coin purse.",,"","","","","","","coin; coinpurse; money; purse; small","items/money_coinpurse.md"
"item","loonb","Common loon beak","The beak of a common loon bird",,"","","","","","","beak; bird; common; loon; loonb; of; the","items/loonb.md"
"item","loonf","Common loon feather","A beautiful feather from a common loon bird",,"","","","","","","beautiful; bird; common; feather; from; loon; loonf","items/loonf.md"
"item","collector_fossil_pet_wood","Common Petrified Wood Fossil","A common chunk of wood turned to stone over the years.",,"","","","","","","chunk; collector; common; fossil; of; over; pet; petrified; stone; the; to; turned; wood; years","items/collector_fossil_pet_wood.md"
"item","sparrow0_c","Common Sparrow","A common sparrow",,"","","","","","","common; sparrow; sparrow0","items/sparrow0_c.md"
"item","condenser","Condenser","A device used to condense substances.",,"","","","","","","condense; condenser; device; substances; to; used","items/condenser.md"
"item","condorb","Condor beak","A beak from a condor bird.",,"","","","","","","beak; bird; condor; condorb; from","items/condorb.md"
"item","condorf","Condor feather","A beautiful feather from a condor.",,"","","","","","","beautiful; condor; condorf; feather; from","items/condorf.md"
"item","CookedBigGameMeat","Cooked Big Game Meat","nice item",,"","","","","","plain_big_game_meat","big; cooked; cookedbiggamemeat; game; item; meat; nice; plain","items/cookedbiggamemeat.md"
"item","cookedbluegil","Cooked Bluegil with Veggies","A cooked Bluegil fish served with vegetables.",,"","","","","","","bluegil; cooked; cookedbluegil; fish; served; vegetables; veggies; with","items/cookedbluegil.md"
"item","consumable_trout","Cooked Trout","A cooked and seasoned trout.",,"","","","","","","and; consumable; cooked; seasoned; trout","items/consumable_trout.md"
"item","copper","Copper","A piece of copper.",,"","","","","","","copper; of; piece","items/copper.md"
"item","pipecopper","Copper Pipe","A pipe made of copper.",,"","","","","","","copper; made; of; pipe; pipecopper","items/pipecopper.md"
"item","asnakes","Copperhead Snake pelt","A valuable pelt from a Copperhead Snake.",,"","","","","","","asnakes; copperhead; from; pelt; snake; valuable","items/asnakes.md"
"item","bbirdb","Cormorant beak","Beak obtained from a cormorant bird.",,"","","","","","","bbirdb; beak; bird; cormorant; from; obtained","items/bbirdb.md"
"item","bbirdf","Cormorant feather","Feather obtained from a cormorant bird.",,"","","","","","","bbirdf; bird; cormorant; feather; from; obtained","items/bbirdf.md"
"item","corn","Corn","Fresh and juicy corn.",,"","","","","bird_stew; bird_stew_2; veggie_stew","","and; bird; birdstew; corn; fresh; juicy; stew; veggie; vegstew","items/corn.md"
"item","p_baitCorn01x","Corn Bait","A simple bait made from corn, commonly used to attract small freshwater fish.",,"","","","","","","attract; bait; baitcorn01x; commonly; corn; fish; freshwater; from; made; simple; small; to; used","items/p_baitcorn01x.md"
"item","cornseed","Corn seed","Seeds for growing corn.",,"","","","","","","corn; cornseed; for; growing; seed; seeds","items/cornseed.md"
"item","cougars","Cougar skin","The thick and durable skin of a cougar.",,"","","","","","","and; cougar; cougars; durable; of; skin; the; thick","items/cougars.md"
"item","cougar_taxidermy","Cougar Taxidermy","A taxidermy mount of a cougar.",,"","","","","","","cougar; mount; of; taxidermy","items/cougar_taxidermy.md"
"item","cougartaxi","Cougar Taxidermy","A taxidermy mount of a cougar.",,"","","","","","","cougar; cougartaxi; mount; of; taxidermy","items/cougartaxi.md"
"item","cougarf","Cougar tooth","A sharp tooth from a cougar.",,"","","","","","","cougar; cougarf; from; sharp; tooth","items/cougarf.md"
"item","cowh","Cow horn","A long and curved horn from a cow.",,"","","","","","","and; cow; cowh; curved; from; horn; long","items/cowh.md"
"item","cows","Cow pelt","The soft and furry pelt of a cow.",,"","","","","","","and; cow; cows; furry; of; pelt; soft; the","items/cows.md"
"item","coyote_pelt","Coyote Pelt","The fur pelt of a coyote.",,"","","","","","","coyote; fur; of; pelt; the","items/coyote_pelt.md"
"item","coyotepelt","Coyote Pelt","The fur pelt of a coyote.",,"","","","","","","coyote; coyotepelt; fur; of; pelt; the","items/coyotepelt.md"
"item","coyotes","Coyote skin","The rugged and weathered skin of a coyote.",,"","","","","","","and; coyote; coyotes; of; rugged; skin; the; weathered","items/coyotes.md"
"item","coyote_taxidermy","Coyote Taxidermy","A taxidermy mount of a coyote.",,"","","","","","","coyote; mount; of; taxidermy","items/coyote_taxidermy.md"
"item","coyotetaxi","Coyote Taxidermy","A taxidermy mount of a coyote.",,"","","","","","","coyote; coyotetaxi; mount; of; taxidermy","items/coyotetaxi.md"
"item","coyotef","Coyote tooth","A sharp tooth from a coyote.",,"","","","","","","coyote; coyotef; from; sharp; tooth","items/coyotef.md"
"item","crab_c","Crab","A crab with a hard shell.",,"","","","","","","crab; hard; shell; with","items/crab_c.md"
"item","crabbutter","Crab Butter","Butter made from crab. Delicious on toast.",,"","","","","","","butter; crab; crabbutter; delicious; from; made; on; toast","items/crabbutter.md"
"item","crablegs","Crab Legs","Legs from a crab.",,"","","","","","","crab; crablegs; from; legs","items/crablegs.md"
"item","crafting_fire","Crafting Fire","A fire used for crafting.",,"","","","","","","crafting; fire; for; used","items/crafting_fire.md"
"item","craftingfire","Crafting Fire","A fire used for crafting.",,"","","","","","","crafting; craftingfire; fire; for; used","items/craftingfire.md"
"item","darub","Crane beak","A long and slender beak from a crane.",,"","","","","","","and; beak; crane; darub; from; long; slender","items/darub.md"
"item","daruf","Crane feather","A beautiful feather from a crane.",,"","","","","","","beautiful; crane; daruf; feather; from","items/daruf.md"
"item","animal_crawfish","Crawfish","A small freshwater crustacean.",,"","","","","","","animal; crawfish; crustacean; freshwater; small","items/animal_crawfish.md"
"item","crawfish_c","Crawfish","A small freshwater crustacean.",,"","","","","","","crawfish; crustacean; freshwater; small","items/crawfish_c.md"
"item","p_crawdad01x","Crawfish Bait","A freshwater bait made from crawfish, used to catch larger predatory fish.",,"","","","","","","bait; catch; crawdad01x; crawfish; fish; freshwater; from; larger; made; predatory; to; used","items/p_crawdad01x.md"
"item","p_finishdcrawd01x","Crawfish Lure","A lure that mimics the movement of a crawfish, enticing larger predatory fish.",,"","","","","","","crawfish; enticing; finishdcrawd01x; fish; larger; lure; mimics; movement; of; predatory; that; the","items/p_finishdcrawd01x.md"
"item","Creekplum","Creekplum","A small and juicy creekplum.",,"","","","","","","and; creekplum; juicy; small","items/creekplum.md"
"item","Creekplum_Seed","Creekplum Seed","Seeds for growing creekplums.",,"","","","","","","creekplum; creekplums; for; growing; seed; seeds","items/creekplum_seed.md"
"item","Creeking_Thyme","Creeping Thyme","A fragrant herb with small purple flowers.",,"","","","","","","creeking; creeping; flowers; fragrant; herb; purple; small; thyme; with","items/creeking_thyme.md"
"item","Creeking_Thyme_Seed","Creeping Thyme Seed","Seeds for growing creeping thyme.",,"","","","","","","creeking; creeping; for; growing; seed; seeds; thyme","items/creeking_thyme_seed.md"
"item","p_baitCricket01x","Cricket Bait","A lively bait made from crickets, effective for attracting larger fish.",,"","","","","","","attracting; bait; baitcricket01x; cricket; crickets; effective; fish; for; from; larger; lively; made","items/p_baitcricket01x.md"
"item","crow_c","Crow","A black-feathered bird with a sharp beak.",,"","","","","","","beak; bird; black; crow; feathered; sharp; with","items/crow_c.md"
"item","Crows_Garlic","Crows Garlic","A pungent garlic with black bulbs.",,"","","","","","","black; bulbs; crows; garlic; pungent; with","items/crows_garlic.md"
"item","Crows_Garlic_Seed","Crows Garlic Seed","Seeds for growing crows garlic.",,"","","","","","","crows; for; garlic; growing; seed; seeds","items/crows_garlic_seed.md"
"item","provision_arrowhead_crude","Crude Arrowhead","A clumsily made flint arrowhead, blunt from age.",,"","","","","","","age; arrowhead; blunt; clumsily; crude; flint; from; made; provision","items/provision_arrowhead_crude.md"
"item","consumable_crumbcake","Crumb Cake","A delicious crumb cake.",,"","","","","","","cake; consumable; crumb; crumbcake; delicious","items/consumable_crumbcake.md"
"item","collector_fossil_trilobite_crypto","Cryptolithus Trilobite Fossil","A small, uncommon trilobite fossil. Good condition.",,"","","","","","","collector; condition; crypto; cryptolithus; fossil; good; small; trilobite; uncommon","items/collector_fossil_trilobite_crypto.md"
"item","consumable_cupcake","Cupcake","A delicious cupcake.",,"","","","","","","consumable; cupcake; delicious","items/consumable_cupcake.md"
"item","provision_jewelry_topaz_necklace","Dane Topaz Necklace","A precious platinum chain necklace with a small drop of topaz.",,"","","","","","","chain; dane; drop; jewelry; necklace; of; platinum; precious; provision; small; topaz; with","items/provision_jewelry_topaz_necklace.md"
"item","dbcandle","Dbl Candle","A double-sided candle with two wicks.",,"","","","","","","candle; dbcandle; dbl; double; sided; two; wicks; with","items/dbcandle.md"
"item","decortent1","Decor Tent 1 Set","A decorative tent set with unique patterns.",,"","","","","","","decor; decorative; decortent1; patterns; set; tent; unique; with","items/decortent1.md"
"item","decortent2","Decor Tent 2 Set","A decorative tent set with unique patterns.",,"","","","","","","decor; decorative; decortent2; patterns; set; tent; unique; with","items/decortent2.md"
"item","decortent3","Decor Tent 3 Set","A decorative tent set with unique patterns.",,"","","","","","","decor; decorative; decortent3; patterns; set; tent; unique; with","items/decortent3.md"
"item","deerheart","Deer heart","The heart of a deer.",,"","","","","","","deer; deerheart; heart; of; the","items/deerheart.md"
"item","deer_pelt","Deer Pelt","The soft and warm pelt of a deer.",,"","","","","","","and; deer; of; pelt; soft; the; warm","items/deer_pelt.md"
"item","deerpelt","Deer pelt","The soft and warm pelt of a deer.",,"","","","","","","and; deer; deerpelt; of; pelt; soft; the; warm","items/deerpelt.md"
"item","deerskin","Deer skin","The skin of a deer.",,"","","","","","","deer; deerskin; of; skin; the","items/deerskin.md"
"item","deer_taxidermy","Deer Taxidermy","A taxidermy mount of a deer.",,"","","","","","","deer; mount; of; taxidermy","items/deer_taxidermy.md"
"item","deertaxi","Deer Taxidermy","A taxidermy mount of a deer.",,"","","","","","","deer; deertaxi; mount; of; taxidermy","items/deertaxi.md"
"item","dleguans","Desert Iguana pelt","The skin of a Desert Iguana, commonly used for crafting and trading.",,"","","","","","","and; commonly; crafting; desert; dleguans; for; iguana; of; pelt; skin; the; trading; used","items/dleguans.md"
"item","Desert_Sage","Desert Sage","A bundle of Desert Sage used for crafting and medicinal purposes.",,"","","","","","","and; bundle; crafting; desert; for; medicinal; of; purposes; sage; used","items/desert_sage.md"
"item","Desert_Sage_Seed","Desert Sage Seed","A seed of Desert Sage that can be planted to grow Desert Sage plants.",,"","","","","","","be; can; desert; grow; of; planted; plants; sage; seed; that; to","items/desert_sage_seed.md"
"item","toaddesert_c","Desert Toad","A toad found in the desert.",,"","","","","","","desert; found; in; the; toad; toaddesert","items/toaddesert_c.md"
"item","diamond","Diamond","A precious gemstone known for its brilliance and value.",,"","","","","","","and; brilliance; diamond; for; gemstone; its; known; precious; value","items/diamond.md"
"item","provision_diamond_ring","Diamond Ring","A beautiful diamond ring.",,"","","","","","","beautiful; diamond; provision; ring","items/provision_diamond_ring.md"
"item","wateringcan_dirtywater","Dirty Watering Jug","A watering jug filled with dirty water.",,"","","","","","","dirty; dirtywater; filled; jug; water; watering; wateringcan; with","items/wateringcan_dirtywater.md"
"item","pot","Distillery Pot","A large pot used in the distillation process for making alcohol.",,"","","","","","","alcohol; distillation; distillery; for; in; large; making; pot; process; the; used","items/pot.md"
"item","Feed_For_Dog","Dog Food","Nutritious food specifically formulated for dogs.",,"","","","","","","dog; dogs; feed; food; for; formulated; nutritious; specifically","items/feed_for_dog.md"
"item","provision_dog_tag","Dog Tag","A dog tag. Possibly from a soldier.",,"","","","","","","dog; from; possibly; provision; soldier; tag","items/provision_dog_tag.md"
"item","consumable_donut","Donut","A tasty donut.",,"","","","","","","consumable; donut; tasty","items/consumable_donut.md"
"item","p_finishedragonfly01x","Dragonfly Lure","A realistic dragonfly lure designed to mimic flying insects, perfect for catching surface-feeding fish.",,"","","","","","","catching; designed; dragonfly; feeding; finishedragonfly01x; fish; flying; for; insects; lure; mimic; perfect; realistic; surface; to","items/p_finishedragonfly01x.md"
"item","provision_ro_flower_dragons","Dragons Orchid","Dragons Mouth Orchids can be recognized by their wild purple flowers which are said to resemble a dragon. The general size of this type of orchid is around six inches.",,"","","","","","","are; around; be; by; can; dragon; dragons; flower; flowers; general; inches; is; mouth; of; orchid; orchids; provision; purple; recognized; resemble; ro; said; six; size; the; their; this; to; type; which; wild","items/provision_ro_flower_dragons.md"
"item","dreamcatcher","Dream Catcher","A traditional Native American ornament believed to filter out bad dreams and let only good dreams pass through.",,"","","","","","","american; and; bad; believed; catcher; dream; dreamcatcher; dreams; filter; good; let; native; only; ornament; out; pass; through; to; traditional","items/dreamcatcher.md"
"item","consumable_bluegil","Dried Bluegil","A dried Bluegil fish.",,"","","","","","","bluegil; consumable; dried; fish","items/consumable_bluegil.md"
"item","consumable_salmon","Dried Salmon","A dried and preserved salmon.",,"","","","","","","and; consumable; dried; preserved; salmon","items/consumable_salmon.md"
"item","provision_jewelry_emerald_earring","Duchess Emerald Earrings","A famous set of oval cut emeralds fashioned into earrings.",,"","","","","","","cut; duchess; earring; earrings; emerald; emeralds; famous; fashioned; into; jewelry; of; oval; provision; set","items/provision_jewelry_emerald_earring.md"
"item","Duck_Egg","Duck Egg","An egg laid by a duck, often used in various culinary preparations.",,"","","","","","","an; by; culinary; duck; egg; in; laid; often; preparations; used; various","items/duck_egg.md"
"item","duckfat","Duck fat","The rendered fat from a duck, commonly used in cooking and baking.",,"","","","","","","and; baking; commonly; cooking; duck; duckfat; fat; from; in; rendered; the; used","items/duckfat.md"
"item","provision_jewelry_pearl_bracelet","Durant Pearl Bracelet","An intricate link bracelet with natural pearls and gold filigree.",,"","","","","","","an; and; bracelet; durant; filigree; gold; intricate; jewelry; link; natural; pearl; pearls; provision; with","items/provision_jewelry_pearl_bracelet.md"
"item","ammodynamite","Dynamite Ammo","An explosive device with a short fuse, capable of causing significant damage.",,"","","","","","","ammo; ammodynamite; an; capable; causing; damage; device; dynamite; explosive; fuse; of; short; significant; with","items/ammodynamite.md"
"item","eaglet","Eagle claws","The sharp claws of an eagle, sometimes collected as a trophy or used in traditional medicine.",,"","","","","","","an; as; claws; collected; eagle; eaglet; in; medicine; of; or; sharp; sometimes; the; traditional; trophy; used","items/eaglet.md"
"item","eaglef","Eagle feather","A feather obtained from an eagle, often used for decorative purposes and in crafting.",,"","","","","","","an; and; crafting; decorative; eagle; eaglef; feather; for; from; in; obtained; often; purposes; used","items/eaglef.md"
"item","provision_hrlm_brush_ebony","Ebony Hairbrush","A delicate and finely crafted ebony brush.",,"","","","","","","and; brush; crafted; delicate; ebony; finely; hairbrush; hrlm; provision","items/provision_hrlm_brush_ebony.md"
"item","provision_hrlm_hairpin_ebony","Ebony Hairpin","A exquisite ebony hairpin.",,"","","","","","","ebony; exquisite; hairpin; hrlm; provision","items/provision_hrlm_hairpin_ebony.md"
"item","consumable_veggies","Edible Veggies","A mix of various edible vegetables.",,"","","","","","","consumable; edible; mix; of; various; vegetables; veggies","items/consumable_veggies.md"
"item","egg","Egg","A small oval object laid by a female bird, reptile, or fish, containing a fertilized embryo and nutrients for development.",,"","","","","","","and; bird; by; containing; development; egg; embryo; female; fertilized; fish; for; laid; nutrients; object; or; oval; reptile; small","items/egg.md"
"item","eggs","Egg","Various types of eggs collected from different animals, often used in cooking and crafting.",,"","","","","apple_pie; blueberry_pie; breakfast; steak_n_eggs","","and; animals; apple; applepie; blueberry; blueberrypie; breakfast; collected; consumable; cooking; crafting; different; egg; eggs; from; in; of; often; pie; steak; steakeggs; types; used; various","items/eggs.md"
"item","ammoelephant","Elephant Rifle Ammo","Ammunition specifically designed for powerful elephant rifles, providing superior stopping power.",,"","","","","","","ammo; ammoelephant; ammunition; designed; elephant; for; power; powerful; providing; rifle; rifles; specifically; stopping; superior","items/ammoelephant.md"
"item","elkantler","Elk antler","A large branched horn-like appendage grown by male elks.",,"","","","","","","antler; appendage; branched; by; elk; elkantler; elks; grown; horn; large; like; male","items/elkantler.md"
"item","elks","Elk pelt","A high-quality pelt obtained from an elk.",,"","","","","","","an; elk; elks; from; high; obtained; pelt; quality","items/elks.md"
"item","provision_jewelry_carved_bracelet","Elliston Carved Bracelet","A solid gold bracelet with elegant etching.",,"","","","","","","bracelet; carved; elegant; elliston; etching; gold; jewelry; provision; solid; with","items/provision_jewelry_carved_bracelet.md"
"item","emerald","Emerald","A precious green gemstone with a sparkling appearance.",,"","","","","","","appearance; emerald; gemstone; green; precious; sparkling; with","items/emerald.md"
"item","provision_jewelry_coral_dngl_earring","Emmeline Coral Earrings","Drop hook earrings of polished pink coral set in gold.",,"","","","","","","coral; dngl; drop; earring; earrings; emmeline; gold; hook; in; jewelry; of; pink; polished; provision; set","items/provision_jewelry_coral_dngl_earring.md"
"item","empty_bottle","Empty Bottle","Empty Bottle",,"","","","","","","bottle; empty","items/empty_bottle.md"
"item","wateringcan_empty","Empty Watering Jug","An empty watering jug.",,"","","","","","","an; empty; jug; watering; wateringcan","items/wateringcan_empty.md"
"item","provision_jewelry_wht_dmnd_earring","Endicott Diamond Earrings","Exquisite pendant earrings with old mine cut diamonds.",,"","","","","","","cut; diamond; diamonds; dmnd; earring; earrings; endicott; exquisite; jewelry; mine; old; pendant; provision; wht; with","items/provision_jewelry_wht_dmnd_earring.md"
"item","English_Mace","English Mace","A type of spice commonly used in cooking and herbal medicine.",,"","","","","","","and; commonly; cooking; english; herbal; in; mace; medicine; of; spice; type; used","items/english_mace.md"
"item","English_Mace_Seed","English Mace Seed","Seeds that can be planted to grow English Mace plants.",,"","","","","","","be; can; english; grow; mace; planted; plants; seed; seeds; that; to","items/english_mace_seed.md"
"item","consumable_herb_evergreen_huckleberry","Evergreen Huckleberry","Plump and juicy Evergreen Huckleberries.",,"","","","","","","and; consumable; evergreen; herb; huckleberries; huckleberry; juicy; plump","items/consumable_herb_evergreen_huckleberry.md"
"item","Evergreen_Huckleberry","Evergreen Huckleberry","A small, dark purple berry known for its tart and sweet flavor.",,"","","","","","","and; berry; dark; evergreen; flavor; for; huckleberry; its; known; purple; small; sweet; tart","items/evergreen_huckleberry.md"
"item","Evergreen_Huckleberry_Seed","Evergreen Huckleberry Seed","Seeds that can be planted to grow Evergreen Huckleberry bushes.",,"","","","","","","be; bushes; can; evergreen; grow; huckleberry; planted; seed; seeds; that; to","items/evergreen_huckleberry_seed.md"
"item","rajahdysoljy","Explosive Oil","An explosive oil used for various purposes, such as creating dynamite and explosives.",,"","","","","","","an; and; as; creating; dynamite; explosive; explosives; for; oil; purposes; rajahdysoljy; such; used; various","items/rajahdysoljy.md"
"item","fan","Fan","A handheld device with flat blades used to create a breeze or provide cooling.",,"","","","","","","blades; breeze; cooling; create; device; fan; flat; handheld; or; provide; to; used; with","items/fan.md"
"item","fancydouble","Fancy Double","A stylish and well-crafted double-barreled firearm.",,"","","","","","","and; barreled; crafted; double; fancy; fancydouble; firearm; stylish; well","items/fancydouble.md"
"item","Feather","Feather","A lightweight and delicate feather, often used for decorative purposes.",,"","","","","","","and; decorative; delicate; feather; for; lightweight; often; purposes; used","items/feather.md"
"item","provision_arrowhead_feldspar","Feldspar Arrowhead","A mysterious arrowhead made from some sort of feldspar.",,"","","","","","","arrowhead; feldspar; from; made; mysterious; of; provision; some; sort","items/provision_arrowhead_feldspar.md"
"item","provision_disco_fertility_statue","Fertility Statue","A statue that apparently possesses the power to grant fertility.",,"","","","","","","apparently; disco; fertility; grant; possesses; power; provision; statue; that; the; to","items/provision_disco_fertility_statue.md"
"item","fertilizer","Fertilizer","A substance used to enrich soil and promote plant growth.",,"","","","","","","and; enrich; fertilizer; growth; plant; promote; soil; substance; to; used","items/fertilizer.md"
"item","fertilizeregg","Fertilizer with Eggs","Fertilizer enriched with nutrients from various eggs, providing excellent nourishment for plants.",,"","","","","","","eggs; enriched; excellent; fertilizer; fertilizeregg; for; from; nourishment; nutrients; plants; providing; various; with","items/fertilizeregg.md"
"item","fertilizerpro","Fertilizer with Produce","Fertilizer containing organic matter from fresh produce, enhancing soil fertility and plant health.",,"","","","","","","and; containing; enhancing; fertility; fertilizer; fertilizerpro; fresh; from; health; matter; organic; plant; produce; soil; with","items/fertilizerpro.md"
"item","fertilizerpulpsap","Fertilizer with Pulp/Sap","Fertilizer enriched with natural pulp or sap, promoting robust growth and vitality in plants.",,"","","","","","","and; enriched; fertilizer; fertilizerpulpsap; growth; in; natural; or; plants; promoting; pulp; robust; sap; vitality; with","items/fertilizerpulpsap.md"
"item","fertilizersn","Fertilizer with Snake","Fertilizer enriched with beneficial nutrients extracted from snakes, promoting vigorous growth in plants.",,"","","","","","","beneficial; enriched; extracted; fertilizer; fertilizersn; from; growth; in; nutrients; plants; promoting; snake; snakes; vigorous; with","items/fertilizersn.md"
"item","fertilizersw","Fertilizer with Soft Wood","Fertilizer blended with fine particles of softwood, enriching the soil with organic matter and enhancing plant development.",,"","","","","","","and; blended; development; enhancing; enriching; fertilizer; fertilizersw; fine; matter; of; organic; particles; plant; soft; softwood; soil; the; with; wood","items/fertilizersw.md"
"item","fertilizersq","Fertilizer with Squirrel","Fertilizer infused with nutrients derived from squirrels, providing essential elements for plant nourishment and vitality.",,"","","","","","","and; derived; elements; essential; fertilizer; fertilizersq; for; from; infused; nourishment; nutrients; plant; providing; squirrel; squirrels; vitality; with","items/fertilizersq.md"
"item","fertilizerwoj","Fertilizer with Wojape","Fertilizer infused with the essence of Wojape, a rare and powerful herb known for its profound effects on plant growth.",,"","","","","","","and; effects; essence; fertilizer; fertilizerwoj; for; growth; herb; infused; its; known; of; on; plant; powerful; profound; rare; the; with; wojape","items/fertilizerwoj.md"
"item","fibers","Fibers","Fine threads or filaments extracted from plants or animals, often used for crafting or weaving.",,"","","","","bow; cigar; cigarette; rope","","animals; bow; cigar; cigarette; crafting; extracted; fibers; filaments; fine; for; from; often; or; plants; rope; threads; used; weaving","items/fibers.md"
"item","fish","Fish","A aquatic creature with fins and scales, commonly caught for food or sport.",,"","","","","","","and; aquatic; caught; commonly; creature; fins; fish; food; for; or; scales; sport; with","items/fish.md"
"item","fishchips","Fish and Chips","A classic dish consisting of fried fish fillets and potato chips, often served with tartar sauce.",,"","","","","","","and; chips; classic; consisting; dish; fillets; fish; fishchips; fried; of; often; potato; sauce; served; tartar; with","items/fishchips.md"
"item","p_FinisdFishlure01x","Fish Lure","A versatile fish lure designed to attract a variety of freshwater species.",,"","","","","","","attract; designed; finisdfishlure01x; fish; freshwater; lure; of; species; to; variety; versatile","items/p_finisdfishlure01x.md"
"item","fishbait","Fishbait","A substance or lure used to attract fish, increasing the chances of a successful catch.",,"","","","","","","attract; catch; chances; fish; fishbait; increasing; lure; of; or; substance; successful; the; to; used","items/fishbait.md"
"item","provision_arrowhead_granite","Flint Arrowhead","A strong arrowhead made of flint.",,"","","","","","","arrowhead; flint; granite; made; of; provision; strong","items/provision_arrowhead_granite.md"
"item","flour","Flour","Ground up wheat used for cooking and baking.",,"","","","","apple_pie; blueberry_pie","","and; apple; applepie; baking; blueberry; blueberrypie; consumable; cooking; flour; for; ground; pie; up; used; wheat","items/flour.md"
"item","floursack","Flour Sack","A sack of flour.",,"","","","","","","flour; floursack; of; sack","items/floursack.md"
"item","flowerboxes","Flower Boxes","Containers or receptacles designed to hold and display blooming flowers, adding beauty and charm to any setting.",,"","","","","","","adding; and; any; beauty; blooming; boxes; charm; containers; designed; display; flower; flowerboxes; flowers; hold; or; receptacles; setting; to","items/flowerboxes.md"
"item","undertaker2","Flower Coffin","A coffin decorated with flowers.",,"","","","","","","coffin; decorated; flower; flowers; undertaker2; with","items/undertaker2.md"
"item","provision_disco_fluorite","Fluorite","The mineral form of calcium fluoride.",,"","","","","","","calcium; disco; fluoride; fluorite; form; mineral; of; provision; the","items/provision_disco_fluorite.md"
"item","food_barrel","Food Barrel","A large barrel specifically designed for storing and transporting food, ideal for provisioning during long journeys or expeditions.",,"","","","","","","and; barrel; designed; during; expeditions; food; for; ideal; journeys; large; long; or; provisioning; specifically; storing; transporting","items/food_barrel.md"
"item","foodbarrel","Food Barrel","A sturdy barrel used for storing and preserving food items, keeping them fresh and safe from pests.",,"","","","","","","and; barrel; food; foodbarrel; for; fresh; from; items; keeping; pests; preserving; safe; storing; sturdy; them; used","items/foodbarrel.md"
"item","foxt","Fox tooth","A tooth extracted from a fox.",,"","","","","","","extracted; fox; foxt; from; tooth","items/foxt.md"
"item","foxskin","Foxskin","The skin of a fox.",,"","","","","","","fox; foxskin; of; skin; the","items/foxskin.md"
"item","salamelle","Fresh Pork ","Fresh pork salamelle",,"","","","","","","fresh; pork; salamelle","items/salamelle.md"
"item","friedtater","Fried Taters","Crispy and delicious fried potatoes.",,"","","","","","","and; crispy; delicious; fried; friedtater; potatoes; taters","items/friedtater.md"
"item","frogbull_c","Frogbull","A small creature found near water bodies.",,"","","","","","","bodies; creature; found; frogbull; near; small; water","items/frogbull_c.md"
"item","collector_fossil_tooth_trex","Front Tooth Fossil","A rare fossilized front tooth, perhaps belonging to the recently discovered Manospondylus Gigas. Highly prized.",,"","","","","","","belonging; collector; discovered; fossil; fossilized; front; gigas; highly; manospondylus; perhaps; prized; rare; recently; the; to; tooth; trex","items/collector_fossil_tooth_trex.md"
"item","consumable_fruitsalad","Fruit Salad","A refreshing fruit salad.",,"","","","","","","consumable; fruit; fruitsalad; refreshing; salad","items/consumable_fruitsalad.md"
"item","game","Game Meat","Fresh meat obtained from hunting animals.",,"","","","","","","animals; fresh; from; game; hunting; meat; obtained","items/game.md"
"item","Gamey_Meat","Gamey Meat","A type of meat with a distinct gamey flavor.",,"","","","","","","distinct; flavor; gamey; meat; of; type; with","items/gamey_meat.md"
"item","hoe","Garden Hoe","A gardening tool with a thin metal blade.",,"","","","","","","blade; garden; gardening; hoe; metal; thin; tool; with","items/hoe.md"
"item","provision_ro_flower_ghost","Ghost Orchid","The Ghost Orchid is named after the white to pale pink flowers that can be seen in shaded habitats. This small orchid grows in shaded areas, such as woodlands, and under leaves and soil, with only the flower appearing above ground.",,"","","","","","","above; after; and; appearing; areas; as; be; can; flower; flowers; ghost; ground; grows; habitats; in; is; leaves; named; only; orchid; pale; pink; provision; ro; seen; shaded; small; soil; such; that; the; this; to; under; white; with; woodlands","items/provision_ro_flower_ghost.md"
"item","tropicalPunchMash","Ginseng Mash","A mash made from ginseng.",,"","","","","","","from; ginseng; made; mash; tropicalpunchmash","items/tropicalpunchmash.md"
"item","tropicalPunchMoonshine","Ginseng Moonshine","Moonshine infused with ginseng.",,"","","","","","","ginseng; infused; moonshine; tropicalpunchmoonshine; with","items/tropicalpunchmoonshine.md"
"item","ginsengtea","Ginseng Tea","A soothing tea made from ginseng roots.",,"","","","","","","from; ginseng; ginsengtea; made; roots; soothing; tea","items/ginsengtea.md"
"item","glassbottle","Glass Bottle","A transparent bottle made of glass.",,"","","","","","","bottle; glass; glassbottle; made; of; transparent","items/glassbottle.md"
"item","glasseye","Glass Eye","A glass eye. Probably lost in a bar fight.",,"","","","","","","bar; eye; fight; glass; glasseye; in; lost; probably","items/glasseye.md"
"item","provision_hrlm_brush_goathair","Goat Hair Brush","A exquisite hand crafted goat hair brush.",,"","","","","","","brush; crafted; exquisite; goat; goathair; hair; hand; hrlm; provision","items/provision_hrlm_brush_goathair.md"
"item","goathead","Goat head","The severed head of a goat.",,"","","","","","","goat; goathead; head; of; severed; the","items/goathead.md"
"item","goats","Goat pelt","The skin of a goat.",,"","","","","","","goat; goats; of; pelt; skin; the","items/goats.md"
"item","provision_bracelet_gold","Gold Bracelet","A gold bracelet.",,"","","","","","","bracelet; gold; provision","items/provision_bracelet_gold.md"
"item","provision_buckle_gold","Gold Buckle","A gold belt buckle.",,"","","","","","","belt; buckle; gold; provision","items/provision_buckle_gold.md"
"item","provision_earring_gold","Gold Earring","A gold earring.",,"","","","","","","earring; gold; provision","items/provision_earring_gold.md"
"item","goldfish","Gold Fish","A shimmering gold-colored fish.",,"","","","","","","colored; fish; gold; goldfish; shimmering","items/goldfish.md"
"item","gold_nugget","Gold nugget","A nugget of pure gold.",,"","","","","refined_gold_ore","","gold; nugget; of; ore; pure; refined","items/gold_nugget.md"
"item","goldpan","Gold pan","A shallow pan used for gold panning.",,"","","","","","","for; gold; goldpan; pan; panning; shallow; used","items/goldpan.md"
"item","gold_panning_license","Gold Panning License","A license to pan gold.",,"","","","","","","gold; license; pan; panning; to","items/gold_panning_license.md"
"item","goldring","Gold Ring","A ring made of solid gold.",,"","","","","","","gold; goldring; made; of; ring; solid","items/goldring.md"
"item","goldbar","GoldBar","A bar made of solid gold.",,"","","","","","","bar; gold; goldbar; made; of; solid","items/goldbar.md"
"item","Golden_Currant","Golden Currant","A type of golden-colored currant.",,"","","","","","","colored; currant; golden; of; type","items/golden_currant.md"
"item","Golden_Currant_Seed","Golden Currant Seed","A seed that can be planted to grow golden currants.",,"","","","","","","be; can; currant; currants; golden; grow; planted; seed; that; to","items/golden_currant_seed.md"
"item","sparrow2_c","Golden Sparrow","A golden sparrow",,"","","","","","","golden; sparrow; sparrow2","items/sparrow2_c.md"
"item","gooseb","Goose beak","The beak of a goose.",,"","","","","","","beak; goose; gooseb; of; the","items/gooseb.md"
"item","Goose_Egg_4","Goose Egg","An egg laid by a goose.",,"","","","","","","an; by; egg; goose; laid","items/goose_egg_4.md"
"item","goosef","Goose feather","A feather obtained from a goose.",,"","","","","","","feather; from; goose; goosef; obtained","items/goosef.md"
"item","provision_jewelry_gld_pendt_necklace","Gosselin White Gold Necklace","A lavalier style white gold necklace with a series of small diamonds.",,"","","","","","","diamonds; gld; gold; gosselin; jewelry; lavalier; necklace; of; pendt; provision; series; small; style; white; with","items/provision_jewelry_gld_pendt_necklace.md"
"item","grainmill","Grain Mill","A hand-held Grain Mill for grinding grain.",,"","","","","","","for; grain; grainmill; grinding; hand; held; mill","items/grainmill.md"
"item","consumable_grapejelly","Grape Jelly","Grape flavored jelly.",,"","","","","","","consumable; flavored; grape; grapejelly; jelly","items/consumable_grapejelly.md"
"item","grapes","Grapes","A tasty fruit that grows in clusters. Often used to make wine.",,"","","","","","","clusters; fruit; grapes; grows; in; make; often; tasty; that; to; used; wine","items/grapes.md"
"item","squirrel_grey_c","Gray Squirrel","A gray squirrel",,"","","","","","","gray; grey; squirrel","items/squirrel_grey_c.md"
"item","kbirdb","Great Blue Heron Beak","The beak of a Great Blue Heron, known for its long and slender shape.",,"","","","","","","and; beak; blue; for; great; heron; its; kbirdb; known; long; of; shape; slender; the","items/kbirdb.md"
"item","kbirdf","Great Blue Heron Feather","A feather obtained from a Great Blue Heron, valued for its beauty and softness.",,"","","","","","","and; beauty; blue; feather; for; from; great; heron; its; kbirdf; obtained; softness; valued","items/kbirdf.md"
"item","provision_jewelry_sphr_bngle_bracelet","Greco Sapphire Bracelet","A delicate gold bracelet with three small sapphires.",,"","","","","","","bngle; bracelet; delicate; gold; greco; jewelry; provision; sapphire; sapphires; small; sphr; three; with","items/provision_jewelry_sphr_bngle_bracelet.md"
"item","gleguans","Green Iguana pelt","The skin of a green iguana.",,"","","","","","","gleguans; green; iguana; of; pelt; skin; the","items/gleguans.md"
"item","grinder","Grinder","Used to crush up and grind herbs and plants.",,"","","","","","","and; crush; grind; grinder; herbs; plants; to; up; used","items/grinder.md"
"item","gbears","Grizzly Bear skin","The skin of a grizzly bear.",,"","","","","","","bear; gbears; grizzly; of; skin; the","items/gbears.md"
"item","gbarrelx","Gun Barrel","A part used in firearm manufacturing.",,"","","","","","","barrel; firearm; gbarrelx; gun; in; manufacturing; part; used","items/gbarrelx.md"
"item","gun_barrel","Gun Barrel","A cylindrical barrel used in firearm construction.",,"","","","","","","barrel; construction; cylindrical; firearm; gun; in; used","items/gun_barrel.md"
"item","gypsywagon","Gypsys Wagon Set","A set of items related to a gypsy wagon.",,"","","","","","","gypsy; gypsys; gypsywagon; items; of; related; set; to; wagon","items/gypsywagon.md"
"item","hairpomade","Hair Pomade","A grooming product for styling hair.",,"","","","","","","for; grooming; hair; hairpomade; pomade; product; styling","items/hairpomade.md"
"item","provision_jewelry_grnet_bracelet","Hajnal Garnet Bangle Bracelet","A bohemian style silver bangle with numerous claw set garnets.",,"","","","","","","bangle; bohemian; bracelet; claw; garnet; garnets; grnet; hajnal; jewelry; numerous; provision; set; silver; style; with","items/provision_jewelry_grnet_bracelet.md"
"item","handcuffkey","Handcuff Key","A key used to unlock handcuffs.",,"","","","","","","handcuff; handcuffkey; handcuffs; key; to; unlock; used","items/handcuffkey.md"
"item","handcuffs","Handcuffs","Metal restraints used for restraining someone.",,"","","","","","","for; handcuffs; metal; restraining; restraints; someone; used","items/handcuffs.md"
"item","handmixer","Handmixer","A hand-held mixing device",,"","","","","","","device; hand; handmixer; held; mixing","items/handmixer.md"
"item","handsaw","Handsaw","A hand saw used to cut wood",,"","","","","","","cut; hand; handsaw; saw; to; used; wood","items/handsaw.md"
"item","hwood","Hard Wood","Durable and strong wood used in various applications.",,"","","","","bow","","and; applications; bow; durable; hard; hwood; in; strong; used; various; wood","items/hwood.md"
"item","provision_jewelry_grnet_post_earring","Harford Garnet Earrings","Clustered garnet studs with silver posts and scrolls.",,"","","","","","","and; clustered; earring; earrings; garnet; grnet; harford; jewelry; post; posts; provision; scrolls; silver; studs; with","items/provision_jewelry_grnet_post_earring.md"
"item","provision_jewelry_coral_ring","Harland Coral Ring","A delicate gold ring featuring a large angel skin coral.",,"","","","","","","angel; coral; delicate; featuring; gold; harland; jewelry; large; provision; ring; skin","items/provision_jewelry_coral_ring.md"
"item","hatchet","Hatchet","A small axe with a short handle.",,"","","","","","","axe; handle; hatchet; short; small; with","items/hatchet.md"
"item","hawkt","Hawk claws","The sharp claws of a hawk.",,"","","","","","","claws; hawk; hawkt; of; sharp; the","items/hawkt.md"
"item","hawkf","Hawk feather","A feather obtained from a hawk.",,"","","","","","","feather; from; hawk; hawkf; obtained","items/hawkf.md"
"item","consumable_haycube","Haycube","A compact cube of hay.",,"","","","","","","compact; consumable; cube; hay; haycube; of","items/consumable_haycube.md"
"item","provision_jewelry_sphr_bracelet","Helena Sapphire Bracelet","A fine silver bracelet with claw set sapphires.",,"","","","","","","bracelet; claw; fine; helena; jewelry; provision; sapphire; sapphires; set; silver; sphr; with","items/provision_jewelry_sphr_bracelet.md"
"item","hemp","Hemp","A plant commonly used for its fiber.",,"","","","","","","commonly; fiber; for; hemp; its; plant; used","items/hemp.md"
"item","hemp_cig","Hemp Cigarette","A cigarette made from hemp leaves.",,"","","","","","","cig; cigarette; from; hemp; leaves; made","items/hemp_cig.md"
"item","hemp_seed","Hemp Seed","A seed that can be planted to grow hemp plants.",,"","","","","","","be; can; grow; hemp; planted; plants; seed; that; to","items/hemp_seed.md"
"item","herbal_medicine","Herbal Medicine","Medicine made from natural herbal ingredients.",,"","","","","","","from; herbal; ingredients; made; medicine; natural","items/herbal_medicine.md"
"item","herbmed","Herbal Remedy","A remedy made from various herbs.",,"","","","","","","from; herbal; herbmed; herbs; made; remedy; various","items/herbmed.md"
"item","herbal_tonic","Herbal Tonic","A tonic made from herbal extracts.",,"","","","","","","extracts; from; herbal; made; tonic","items/herbal_tonic.md"
"item","heroin","Heroin","A highly addictive and illegal drug.",,"","","","","","","addictive; and; drug; heroin; highly; illegal","items/heroin.md"
"item","herptile","Herptile meat","Meat obtained from reptiles and amphibians.",,"","","","","","","amphibians; and; from; herptile; meat; obtained; reptiles","items/herptile.md"
"item","hitchingpost","Hitching Post","A post used for tying up horses.",,"","","","","","","for; hitching; hitchingpost; horses; post; tying; up; used","items/hitchingpost.md"
"item","honey","Honey","A sweet and sticky substance produced by bees.",,"","","","","","","and; bees; by; honey; produced; sticky; substance; sweet","items/honey.md"
"item","oriole2_c","Hooded Oriole","Brightly colored feathers from a Hooded Oriole.",,"","","","","","","brightly; colored; feathers; from; hooded; oriole; oriole2","items/oriole2_c.md"
"item","hop","Hop","A plant used in brewing beer.",,"","","","","","","beer; brewing; hop; in; plant; used","items/hop.md"
"item","hop_seed","Hop Seed","A seed that can be planted to grow hop plants.",,"","","","","","","be; can; grow; hop; planted; plants; seed; that; to","items/hop_seed.md"
"item","horsebrush","Horse Brush","A brush used for grooming horses.",,"","","","","","","brush; for; grooming; horse; horsebrush; horses; used","items/horsebrush.md"
"item","unique_horse_feed","Horse Feed","Feed for horses.",,"","","","","","","feed; for; horse; horses; unique","items/unique_horse_feed.md"
"item","provision_hrlm_brush_horsehair","Horse Hair brush","A finley made horse hair brush.",,"","","","","","","brush; finley; hair; horse; horsehair; hrlm; made; provision","items/provision_hrlm_brush_horsehair.md"
"item","horsehitches","Horse Hitches Set","A set of items used for hitching horses.",,"","","","","","","for; hitches; hitching; horse; horsehitches; horses; items; of; set; used","items/horsehitches.md"
"item","horsemeal","Horse ration","Food provided to horses for sustenance.",,"","","","","","","food; for; horse; horsemeal; horses; provided; ration; sustenance; to","items/horsemeal.md"
"item","stim","Horse Stimulant","A stimulant to boost a horses performance.",,"","","","","","","boost; horse; horses; performance; stim; stimulant; to","items/stim.md"
"item","hk_1","House Key","A standard house key.",,"","","","","","","hk; house; key; standard","items/hk_1.md"
"item","hk_101","House Key","A specialized house key.",,"","","","","","","101; hk; house; key; specialized","items/hk_101.md"
"item","hk_102","House Key","A specialized house key.",,"","","","","","","102; hk; house; key; specialized","items/hk_102.md"
"item","hk_103","House Key","A specialized house key.",,"","","","","","","103; hk; house; key; specialized","items/hk_103.md"
"item","hk_104","House Key","A specialized house key.",,"","","","","","","104; hk; house; key; specialized","items/hk_104.md"
"item","hk_105","House Key","A specialized house key.",,"","","","","","","105; hk; house; key; specialized","items/hk_105.md"
"item","hk_106","House Key","A specialized house key.",,"","","","","","","106; hk; house; key; specialized","items/hk_106.md"
"item","hk_107","House Key","A specialized house key.",,"","","","","","","107; hk; house; key; specialized","items/hk_107.md"
"item","hk_108","House Key","A specialized house key.",,"","","","","","","108; hk; house; key; specialized","items/hk_108.md"
"item","hk_109","House Key","A specialized house key.",,"","","","","","","109; hk; house; key; specialized","items/hk_109.md"
"item","hk_110","House Key","A specialized house key.",,"","","","","","","110; hk; house; key; specialized","items/hk_110.md"
"item","hk_111","House Key","A specialized house key.",,"","","","","","","111; hk; house; key; specialized","items/hk_111.md"
"item","hk_112","House Key","A specialized house key.",,"","","","","","","112; hk; house; key; specialized","items/hk_112.md"
"item","hk_113","House Key","A specialized house key.",,"","","","","","","113; hk; house; key; specialized","items/hk_113.md"
"item","hk_114","House Key","A specialized house key.",,"","","","","","","114; hk; house; key; specialized","items/hk_114.md"
"item","hk_115","House Key","A specialized house key.",,"","","","","","","115; hk; house; key; specialized","items/hk_115.md"
"item","hk_116","House Key","A specialized house key.",,"","","","","","","116; hk; house; key; specialized","items/hk_116.md"
"item","hk_117","House Key","A specialized house key.",,"","","","","","","117; hk; house; key; specialized","items/hk_117.md"
"item","hk_118","House Key","A specialized house key.",,"","","","","","","118; hk; house; key; specialized","items/hk_118.md"
"item","hk_119","House Key","A specialized house key.",,"","","","","","","119; hk; house; key; specialized","items/hk_119.md"
"item","hk_120","House Key","A specialized house key.",,"","","","","","","120; hk; house; key; specialized","items/hk_120.md"
"item","hk_121","House Key","A specialized house key.",,"","","","","","","121; hk; house; key; specialized","items/hk_121.md"
"item","hk_122","House Key","A specialized house key.",,"","","","","","","122; hk; house; key; specialized","items/hk_122.md"
"item","hk_123","House Key","A specialized house key.",,"","","","","","","123; hk; house; key; specialized","items/hk_123.md"
"item","hk_124","House Key","A specialized house key.",,"","","","","","","124; hk; house; key; specialized","items/hk_124.md"
"item","hk_125","House Key","A specialized house key.",,"","","","","","","125; hk; house; key; specialized","items/hk_125.md"
"item","hk_126","House Key","A specialized house key.",,"","","","","","","126; hk; house; key; specialized","items/hk_126.md"
"item","hk_127","House Key","A specialized house key.",,"","","","","","","127; hk; house; key; specialized","items/hk_127.md"
"item","hk_128","House Key","A specialized house key.",,"","","","","","","128; hk; house; key; specialized","items/hk_128.md"
"item","hk_129","House Key","A specialized house key.",,"","","","","","","129; hk; house; key; specialized","items/hk_129.md"
"item","hk_130","House Key","A specialized house key.",,"","","","","","","130; hk; house; key; specialized","items/hk_130.md"
"item","hk_131","House Key","A specialized house key.",,"","","","","","","131; hk; house; key; specialized","items/hk_131.md"
"item","hk_132","House Key","A specialized house key.",,"","","","","","","132; hk; house; key; specialized","items/hk_132.md"
"item","hk_133","House Key","A specialized house key.",,"","","","","","","133; hk; house; key; specialized","items/hk_133.md"
"item","hk_134","House Key","A specialized house key.",,"","","","","","","134; hk; house; key; specialized","items/hk_134.md"
"item","hk_2","House Key","A standard house key.",,"","","","","","","hk; house; key; standard","items/hk_2.md"
"item","hk_3","House Key","A standard house key.",,"","","","","","","hk; house; key; standard","items/hk_3.md"
"item","pota","House Pot","A pot typically used for cooking and boiling ingredients.",,"","","","","","","and; boiling; cooking; for; house; ingredients; pot; pota; typically; used","items/pota.md"
"item","Hummingbird_Sage","Hummingbird Sage","A type of sage plant favored by hummingbirds.",,"","","","","","","by; favored; hummingbird; hummingbirds; of; plant; sage; type","items/hummingbird_sage.md"
"item","Hummingbird_Sage_Seed","Hummingbird Sage Seed","A seed that can be planted to grow hummingbird sage.",,"","","","","","","be; can; grow; hummingbird; planted; sage; seed; that; to","items/hummingbird_sage_seed.md"
"item","iguanabits","Iguana Bits","Tasy cooked Iguna pieces.",,"","","","","","","bits; cooked; iguana; iguanabits; iguna; pieces; tasy","items/iguanabits.md"
"item","Indian_Tobbaco","Indian Tobbaco","A type of tobacco used by Native Americans.",,"","","","","cigar; cigarette","","americans; by; cigar; cigarette; indian; native; of; tobacco; tobbaco; type; used","items/indian_tobbaco.md"
"item","Indian_Tobbaco_Seed","Indian Tobbaco Seed","A seed that can be planted to grow Indian tobbaco plants.",,"","","","","","","be; can; grow; indian; planted; plants; seed; that; to; tobbaco","items/indian_tobbaco_seed.md"
"item","provision_jewelry_turquoise_bracelet","Infanta Turquoise Bracelet","A solid silver bracelet with a large turquoise stone.",,"","","","","","","bracelet; infanta; jewelry; large; provision; silver; solid; stone; turquoise; with","items/provision_jewelry_turquoise_bracelet.md"
"item","ink","Ink","A small bottle of ink.",,"","","","","","","bottle; ink; of; small","items/ink.md"
"item","iron","Iron","A strong and durable metal.",,"","","","","axe; knife; pickaxe","","and; axe; durable; iron; knife; lumber; lumberaxe; metal; pickaxe; strong","items/iron.md"
"item","ironbar","Iron Bar","A solid bar made of iron, known for its strength and durability.",,"","","","","","","and; bar; durability; for; iron; ironbar; its; known; made; of; solid; strength","items/ironbar.md"
"item","ironextract","Iron Extract","A concentrated form of iron, extracted from natural sources.",,"","","","","","","concentrated; extract; extracted; form; from; iron; ironextract; natural; of; sources","items/ironextract.md"
"item","ironhammer","Iron Hammer","A hammer with a head made of iron, used for various construction and crafting purposes.",,"","","","","","","and; construction; crafting; for; hammer; head; iron; ironhammer; made; of; purposes; used; various; with","items/ironhammer.md"
"item","collector_fossil_trilobite_iso","Isotelus Trilobite Fossil","An uncommon fossil of a huge trilobite. Fully intact.",,"","","","","","","an; collector; fossil; fully; huge; intact; iso; isotelus; of; trilobite; uncommon","items/collector_fossil_trilobite_iso.md"
"item","provision_hrlm_comb_ivory","Ivory Comb","A delicate ivory comb.",,"","","","","","","comb; delicate; hrlm; ivory; provision","items/provision_hrlm_comb_ivory.md"
"item","provision_hrlm_hairpin_ivory","Ivory Hairpin","A delicate ivory hairpin.",,"","","","","","","delicate; hairpin; hrlm; ivory; provision","items/provision_hrlm_hairpin_ivory.md"
"item","provision_hrlm_hairpin_jade","Jade Hairpin","A exotic jade hairpin.",,"","","","","","","exotic; hairpin; hrlm; jade; provision","items/provision_hrlm_hairpin_jade.md"
"item","provision_jail_keys","Jail Keys","A set of keys used to unlock jail cells and gates.",,"","","","","","","and; cells; gates; jail; keys; of; provision; set; to; unlock; used","items/provision_jail_keys.md"
"item","consumable_game","Jerkied GameMeat","Dried and seasoned game meat.",,"","","","","plain_small_game; seasoned_small_game","","and; consumable; cookedsmallgame; dried; game; gamemeat; jerkied; meat; plain; plainsmallgame; seasoned; small","items/consumable_game.md"
"item","provision_jewelry_box","Jewelry Box","A small jewlery box.",,"","","","","","","box; jewelry; jewlery; provision; small","items/provision_jewelry_box.md"
"item","provision_jewelry_pearl_earring","Josephine Pearl Earrings","Fashionable pearl earrings with neat gold hooks.",,"","","","","","","earring; earrings; fashionable; gold; hooks; jewelry; josephine; neat; pearl; provision; with","items/provision_jewelry_pearl_earring.md"
"item","provision_generic_key","Key","A simple key.",,"","","","","","","generic; key; provision; simple","items/provision_generic_key.md"
"item","consumable_kidneybeans_can","Kidney Beans","Canned kidney beans.",,"","","","","","","beans; can; canned; consumable; kidney; kidneybeans","items/consumable_kidneybeans_can.md"
"item","kitchencounter","Kitchen Counter","A sturdy counter surface typically found in kitchens, providing space for food preparation and other tasks.",,"","","","","","","and; counter; food; for; found; in; kitchen; kitchencounter; kitchens; other; preparation; providing; space; sturdy; surface; tasks; typically","items/kitchencounter.md"
"item","ammoknives","Knives Ammo","Ammunition for a throwing knife, used as a versatile and silent weapon.",,"","","","","","","ammo; ammoknives; ammunition; and; as; for; knife; knives; silent; throwing; used; versatile; weapon","items/ammoknives.md"
"item","provision_ro_flower_lady_of_night","Lady of Night Orchid","Lady of the Night Orchid takes its name from the sweet citrus fragrance it produces during nightfall. The orchid can be identified by the white heart shaped flowers and long leaves.",,"","","","","","","and; be; by; can; citrus; during; flower; flowers; fragrance; from; heart; identified; it; its; lady; leaves; long; name; night; nightfall; of; orchid; produces; provision; ro; shaped; sweet; takes; the; white","items/provision_ro_flower_lady_of_night.md"
"item","provision_ro_flower_lady_slipper","Lady Slipper Orchid","Lady Slipper Orchid can be identified by the large bulbous purple flower and speckled purple leaves. This type of orchid can be seen growing in the ground of forests, meadows and woodland areas.",,"","","","","","","and; areas; be; bulbous; by; can; flower; forests; ground; growing; identified; in; lady; large; leaves; meadows; of; orchid; provision; purple; ro; seen; slipper; speckled; the; this; type; woodland","items/provision_ro_flower_lady_slipper.md"
"item","lamppost1","Lamp Post 1 Set","A set of Lamp Post 1",,"","","","","","","lamp; lamppost1; of; post; set","items/lamppost1.md"
"item","lamppost2","Lamp Post 2 Set","A set of Lamp Post 2",,"","","","","","","lamp; lamppost2; of; post; set","items/lamppost2.md"
"item","lanterna","Lantern","A lantern",,"","","","","","","lantern; lanterna","items/lanterna.md"
"item","butchertable3","Large Butcher Table","A large table used for butchering animals.",,"","","","","","","animals; butcher; butchering; butchertable3; for; large; table; used","items/butchertable3.md"
"item","a_c_fishlargemouthbass_01_ms","Largemouth Bass","A large Largemouth Bass fish.",,"","","","","","","01; bass; fish; fishlargemouthbass; large; largemouth; ms","items/a_c_fishlargemouthbass_01_ms.md"
"item","consumable_lemondrops","Leamon Drops","Lemon flavored candy.",,"","","","","","","candy; consumable; drops; flavored; leamon; lemon; lemondrops","items/consumable_lemondrops.md"
"item","leather","Leather","Leather material",,"","","","","","","leather; material","items/leather.md"
"item","leather_chair","Leather Chair","A leather chair",,"","","","","","","chair; leather","items/leather_chair.md"
"item","leatherchair","Leather Chair","A leather chair",,"","","","","","","chair; leather; leatherchair","items/leatherchair.md"
"item","legalbook","Legal Book","A legal book",,"","","","","","","book; legal; legalbook","items/legalbook.md"
"item","legalpaper","Legal Paper","Legal paper",,"","","","","","","legal; legalpaper; paper","items/legalpaper.md"
"item","legaligators","Legendary Alligator pelt","A legendary pelt from an alligator",,"","","","","","","alligator; an; from; legaligators; legendary; pelt","items/legaligators.md"
"item","legaligators3","Legendary Banded Alligator pelt","A legendary pelt from a Banded Alligator",,"","","","","","","alligator; banded; from; legaligators3; legendary; pelt","items/legaligators3.md"
"item","leggbears","Legendary Bear skin","A formidable and sought-after skin from a legendary bear",,"","","","","","","after; and; bear; formidable; from; legendary; leggbears; skin; sought","items/leggbears.md"
"item","legbeawers","Legendary Beaver pelt","A legendary pelt from a Beaver",,"","","","","","","beaver; from; legbeawers; legendary; pelt","items/legbeawers.md"
"item","legbisonhorn","Legendary Bison Horns","A pair of majestic horns from a legendary bison",,"","","","","","","bison; from; horns; legbisonhorn; legendary; majestic; of; pair","items/legbisonhorn.md"
"item","legbisons","Legendary Bison pelt","A rare and valuable pelt from a legendary bison",,"","","","","","","and; bison; from; legbisons; legendary; pelt; rare; valuable","items/legbisons.md"
"item","legbeavers3","Legendary Black Beaver pelt","A legendary pelt from a Black Beaver",,"","","","","","","beaver; black; from; legbeavers3; legendary; pelt","items/legbeavers3.md"
"item","legcougars4","Legendary Black Cougar pelt","A rare pelt from a legendary Black Cougar",,"","","","","","","black; cougar; from; legcougars4; legendary; pelt; rare","items/legcougars4.md"
"item","legendsnakes","Legendary Boa pelt","A rare and valuable pelt from a legendary boa",,"","","","","","","and; boa; from; legendary; legendsnakes; pelt; rare; valuable","items/legendsnakes.md"
"item","legboars","Legendary Boar pelt","A rare and sought-after pelt from a legendary boar",,"","","","","","","after; and; boar; from; legboars; legendary; pelt; rare; sought","items/legboars.md"
"item","legendbuckantler","Legendary Buck Antlers","A pair of majestic antlers from a legendary buck",,"","","","","","","antlers; buck; from; legendary; legendbuckantler; majestic; of; pair","items/legendbuckantler.md"
"item","legbucks1","Legendary Buck pelt","A splendid pelt from a legendary buck",,"","","","","","","buck; from; legbucks1; legendary; pelt; splendid","items/legbucks1.md"
"item","legbucks","Legendary Buck skin","A prized skin from a legendary buck",,"","","","","","","buck; from; legbucks; legendary; prized; skin","items/legbucks.md"
"item","legrams2","Legendary Chalk Horn Ram pelt","An exceptional pelt from a legendary Chalk Horn Ram",,"","","","","","","an; chalk; exceptional; from; horn; legendary; legrams2; pelt; ram","items/legrams2.md"
"item","legboars1","Legendary Cogi Boar pelt","A magnificent pelt from a legendary Cogi Boar",,"","","","","","","boar; cogi; from; legboars1; legendary; magnificent; pelt","items/legboars1.md"
"item","legcougars","Legendary Cougar skin","A rare and valuable skin from a legendary cougar",,"","","","","","","and; cougar; from; legcougars; legendary; rare; skin; valuable","items/legcougars.md"
"item","legcoyotes","Legendary Coyote skin","A prized skin from a legendary coyote",,"","","","","","","coyote; from; legcoyotes; legendary; prized; skin","items/legcoyotes.md"
"item","p_finishdcrawdlegendary01x","Legendary Crawfish Lure","A specialized crawfish lure made for catching rare legendary fish.",,"","","","","","","catching; crawfish; finishdcrawdlegendary01x; fish; for; legendary; lure; made; rare; specialized","items/p_finishdcrawdlegendary01x.md"
"item","legfoxs3","Legendary Cross Fox pelt","An exquisite pelt from a legendary Cross Fox",,"","","","","","","an; cross; exquisite; fox; from; legendary; legfoxs3; pelt","items/legfoxs3.md"
"item","legbears1","Legendary Deadly Bear pelt","A legendary pelt from a Deadly Bear",,"","","","","","","bear; deadly; from; legbears1; legendary; pelt","items/legbears1.md"
"item","p_finishedragonflylegendary01x","Legendary Dragonfly Lure","A high-quality dragonfly lure crafted to attract legendary fish in special locations.",,"","","","","","","attract; crafted; dragonfly; finishedragonflylegendary01x; fish; high; in; legendary; locations; lure; quality; special; to","items/p_finishedragonflylegendary01x.md"
"item","legelkantler","Legendary Elk Antlers","A magnificent set of antlers from a legendary elk",,"","","","","","","antlers; elk; from; legelkantler; legendary; magnificent; of; set","items/legelkantler.md"
"item","legelks","Legendary Elk pelt","An impressive pelt from a legendary elk",,"","","","","","","an; elk; from; impressive; legelks; legendary; pelt","items/legelks.md"
"item","legwolfs1","Legendary Emerald Wolf pelt","A vibrant pelt from a legendary Emerald Wolf",,"","","","","","","emerald; from; legendary; legwolfs1; pelt; vibrant; wolf","items/legwolfs1.md"
"item","p_finisdfishlurelegendary01x","Legendary Fish Lure","A premium fish lure designed to catch elusive legendary fish.",,"","","","","","","catch; designed; elusive; finisdfishlurelegendary01x; fish; legendary; lure; premium; to","items/p_finisdfishlurelegendary01x.md"
"item","legfoxskin","Legendary Fox skin","A valuable and versatile skin from a legendary fox",,"","","","","","","and; fox; from; legendary; legfoxskin; skin; valuable; versatile","items/legfoxskin.md"
"item","legrams1","Legendary Gabbro Horn Ram pelt","A rare and valuable pelt from a legendary Gabbro Horn Ram",,"","","","","","","and; from; gabbro; horn; legendary; legrams1; pelt; ram; rare; valuable","items/legrams1.md"
"item","legpanthers2","Legendary Ghost Panther pelt","An ethereal pelt from a legendary Ghost Panther",,"","","","","","","an; ethereal; from; ghost; legendary; legpanthers2; panther; pelt","items/legpanthers2.md"
"item","legbears4","Legendary Golden Spirit Bear pelt","A legendary pelt from a Golden Spirit Bear",,"","","","","","","bear; from; golden; legbears4; legendary; pelt; spirit","items/legbears4.md"
"item","legrams4","Legendary GreatHorn Ram pelt","An impressive pelt from a legendary GreatHorn Ram",,"","","","","","","an; from; greathorn; impressive; legendary; legrams4; pelt; ram","items/legrams4.md"
"item","legbeavers1","Legendary Grey Beaver pelt","A legendary pelt from a Grey Beaver",,"","","","","","","beaver; from; grey; legbeavers1; legendary; pelt","items/legbeavers1.md"
"item","legboars3","Legendary Icahi Boar pelt","A rare pelt from a legendary Icahi Boar",,"","","","","","","boar; from; icahi; legboars3; legendary; pelt; rare","items/legboars3.md"
"item","legcougars1","Legendary Iguga Cougar pelt","A striking pelt from a legendary Iguga Cougar",,"","","","","","","cougar; from; iguga; legcougars1; legendary; pelt; striking","items/legcougars1.md"
"item","legelks3","Legendary Inahme Elk pelt","An exquisite pelt from a legendary Inahme Elk",,"","","","","","","an; elk; exquisite; from; inahme; legelks3; legendary; pelt","items/legelks3.md"
"item","legpanthers3","Legendary Iwakta Panther pelt","A rare and valuable pelt from a legendary Iwakta Panther",,"","","","","","","and; from; iwakta; legendary; legpanthers3; panther; pelt; rare; valuable","items/legpanthers3.md"
"item","legelks1","Legendary Katata Elk pelt","An exceptional pelt from a legendary Katata Elk",,"","","","","","","an; elk; exceptional; from; katata; legelks1; legendary; pelt","items/legelks1.md"
"item","legmooses2","Legendary Knight Moose pelt","An impressive pelt from a legendary Knight Moose",,"","","","","","","an; from; impressive; knight; legendary; legmooses2; moose; pelt","items/legmooses2.md"
"item","legfoxs2","Legendary Marble Fox pelt","A beautiful pelt from a legendary Marble Fox",,"","","","","","","beautiful; fox; from; legendary; legfoxs2; marble; pelt","items/legfoxs2.md"
"item","legcougars2","Legendary Maza Cougar pelt","An exceptional pelt from a legendary Maza Cougar",,"","","","","","","an; cougar; exceptional; from; legcougars2; legendary; maza; pelt","items/legcougars2.md"
"item","legcoyotes2","Legendary Midnight Paw Coyote pelt","A dark and mysterious pelt from a legendary Midnight Paw Coyote",,"","","","","","","and; coyote; dark; from; legcoyotes2; legendary; midnight; mysterious; paw; pelt","items/legcoyotes2.md"
"item","legcoyotes3","Legendary Milk Coyote pelt","A rare pelt from a legendary Milk Coyote",,"","","","","","","coyote; from; legcoyotes3; legendary; milk; pelt; rare","items/legcoyotes3.md"
"item","legwolfs3","Legendary Moonstone Wolf pelt","A magnificent pelt from a legendary Moonstone Wolf",,"","","","","","","from; legendary; legwolfs3; magnificent; moonstone; pelt; wolf","items/legwolfs3.md"
"item","legmooseantler","Legendary Moose Antlers","A massive set of antlers from a legendary moose",,"","","","","","","antlers; from; legendary; legmooseantler; massive; moose; of; set","items/legmooseantler.md"
"item","legmooses","Legendary Moose pelt","A majestic pelt from a legendary moose",,"","","","","","","from; legendary; legmooses; majestic; moose; pelt","items/legmooses.md"
"item","legbucks2","Legendary Mudrunner Buck pelt","A distinct pelt from a legendary Mudrunner Buck",,"","","","","","","buck; distinct; from; legbucks2; legendary; mudrunner; pelt","items/legbucks2.md"
"item","legpanthers1","Legendary Nightwalker Panther pelt","A dark and elusive pelt from a legendary Nightwalker Panther",,"","","","","","","and; dark; elusive; from; legendary; legpanthers1; nightwalker; panther; pelt","items/legpanthers1.md"
"item","legwolfs2","Legendary Onyx Wolf pelt","nice item",,"","","","","","","item; legendary; legwolfs2; nice; onyx; pelt; wolf","items/legwolfs2.md"
"item","legbears2","Legendary Owiza Bear pelt","A legendary pelt from an Owiza Bear",,"","","","","","","an; bear; from; legbears2; legendary; owiza; pelt","items/legbears2.md"
"item","legelks2","Legendary Ozula Elk pelt","A rare pelt from a legendary Ozula Elk",,"","","","","","","elk; from; legelks2; legendary; ozula; pelt; rare","items/legelks2.md"
"item","legbisons3","Legendary Payata Bison pelt","A prized pelt from a legendary Payata Bison",,"","","","","","","bison; from; legbisons3; legendary; payata; pelt; prized","items/legbisons3.md"
"item","legprongs","Legendary Pronghorn skin","A sleek and coveted skin from a legendary pronghorn",,"","","","","","","and; coveted; from; legendary; legprongs; pronghorn; skin; sleek","items/legprongs.md"
"item","legramhorn","Legendary Ram Horns","Impressive horns from a legendary ram",,"","","","","","","from; horns; impressive; legendary; legramhorn; ram","items/legramhorn.md"
"item","legrams","Legendary Ram pelt","A distinctive pelt from a legendary ram",,"","","","","","","distinctive; from; legendary; legrams; pelt; ram","items/legrams.md"
"item","legcoyotes1","Legendary Red Streak Coyote pelt","A vibrant pelt from a legendary Red Streak Coyote",,"","","","","","","coyote; from; legcoyotes1; legendary; pelt; red; streak; vibrant","items/legcoyotes1.md"
"item","legbears3","Legendary Ridgeback Spirit Bear pelt","A legendary pelt from a Ridgeback Spirit Bear",,"","","","","","","bear; from; legbears3; legendary; pelt; ridgeback; spirit","items/legbears3.md"
"item","legmooses3","Legendary Rudy Moose pelt","A distinctive pelt from a legendary Rudy Moose",,"","","","","","","distinctive; from; legendary; legmooses3; moose; pelt; rudy","items/legmooses3.md"
"item","legrams3","Legendary Rutile Horn Ram pelt","An exquisite pelt from a legendary Rutile Horn Ram",,"","","","","","","an; exquisite; from; horn; legendary; legrams3; pelt; ram; rutile","items/legrams3.md"
"item","legcougars3","Legendary Sapa Cougar pelt","A majestic pelt from a legendary Sapa Cougar",,"","","","","","","cougar; from; legcougars3; legendary; majestic; pelt; sapa","items/legcougars3.md"
"item","legbucks4","Legendary Shadow Buck pelt","A mysterious pelt from a legendary Shadow Buck",,"","","","","","","buck; from; legbucks4; legendary; mysterious; pelt; shadow","items/legbucks4.md"
"item","legbucks3","Legendary Snow Buck pelt","A pristine pelt from a legendary Snow Buck",,"","","","","","","buck; from; legbucks3; legendary; pelt; pristine; snow","items/legbucks3.md"
"item","legmooses1","Legendary Snowflake Moose pelt","A pristine pelt from a legendary Snowflake Moose",,"","","","","","","from; legendary; legmooses1; moose; pelt; pristine; snowflake","items/legmooses1.md"
"item","legaligators2","Legendary Sun Alligator pelt","A legendary pelt from a Sun Alligator",,"","","","","","","alligator; from; legaligators2; legendary; pelt; sun","items/legaligators2.md"
"item","legbisonstak","Legendary Takanta Bison pelt","An exceptional pelt from a legendary Takanta Bison",,"","","","","","","an; bison; exceptional; from; legbisonstak; legendary; pelt; takanta","items/legbisonstak.md"
"item","legbisons1","Legendary Tatanka Bison pelt","An exquisite pelt from a legendary Tatanka Bison",,"","","","","","","an; bison; exquisite; from; legbisons1; legendary; pelt; tatanka","items/legbisons1.md"
"item","legaligators1","Legendary Teca Alligator pelt","A legendary pelt from a Teca Alligator",,"","","","","","","alligator; from; legaligators1; legendary; pelt; teca","items/legaligators1.md"
"item","legboars2","Legendary Wakpa Boar pelt","A formidable pelt from a legendary Wakpa Boar",,"","","","","","","boar; formidable; from; legboars2; legendary; pelt; wakpa","items/legboars2.md"
"item","legbeavers2","Legendary White Beaver pelt","A legendary pelt from a White Beaver",,"","","","","","","beaver; from; legbeavers2; legendary; pelt; white","items/legbeavers2.md"
"item","legboars4","Legendary Wildhog pelt","An untamed pelt from a legendary Wildhog",,"","","","","","","an; from; legboars4; legendary; pelt; untamed; wildhog","items/legboars4.md"
"item","legbisons2","Legendary Winyan Bison pelt","A beautiful pelt from a legendary Winyan Bison",,"","","","","","","beautiful; bison; from; legbisons2; legendary; pelt; winyan","items/legbisons2.md"
"item","legwolfpelt","Legendary Wolf skin","A prized and valuable skin from a legendary wolf",,"","","","","","","and; from; legendary; legwolfpelt; prized; skin; valuable; wolf","items/legwolfpelt.md"
"item","consumable_lemoncake","Lemon Cake","A delicious lemon cake",,"","","","","","","cake; consumable; delicious; lemon; lemoncake","items/consumable_lemoncake.md"
"item","lizardl","Lizard foot","A preserved foot of a lizard",,"","","","","","","foot; lizard; lizardl; of; preserved","items/lizardl.md"
"item","lizards","Lizard pelt","A unique and scaly skin from a lizard",,"","","","","","","and; from; lizard; lizards; pelt; scaly; skin; unique","items/lizards.md"
"item","consumable_lock_breaker","Lock Breaker","A tool for breaking locks.",,"","","","","","","breaker; breaking; consumable; for; lock; locks; tool","items/consumable_lock_breaker.md"
"item","lockpick","Lockpick","A handy tool used for picking locks",,"","","","","","","for; handy; lockpick; locks; picking; tool; used","items/lockpick.md"
"item","lockpickmold","Lockpick Mold","A mold used for crafting lockpicks",,"","","","","","","crafting; for; lockpick; lockpickmold; lockpicks; mold; used","items/lockpickmold.md"
"item","log_bencha","Log Bench 1","A comfortable log bench for outdoor seating",,"","","","","","","bench; bencha; comfortable; for; log; outdoor; seating","items/log_bencha.md"
"item","logbench","Log Bench 1","A simple and natural log bench",,"","","","","","","and; bench; log; logbench; natural; simple","items/logbench.md"
"item","log_benchb","Log Bench 2","A spacious log bench for outdoor gatherings",,"","","","","","","bench; benchb; for; gatherings; log; outdoor; spacious","items/log_benchb.md"
"item","logbechs","Log Bench 2","A sturdy and rustic log bench design",,"","","","","","","and; bench; design; log; logbechs; rustic; sturdy","items/logbechs.md"
"item","loungechair","Lounge Chair","A comfortable and stylish lounge chair",,"","","","","","","and; chair; comfortable; lounge; loungechair; stylish","items/loungechair.md"
"item","loungechair2","Lounge Chair 2","A modern and luxurious lounge chair",,"","","","","","","and; chair; lounge; loungechair2; luxurious; modern","items/loungechair2.md"
"item","lumberaxe","Lumber Axe","A sturdy axe designed for cutting lumber",,"","","","","","axe","axe; cutting; designed; for; lumber; lumberaxe; sturdy","items/lumberaxe.md"
"item","mackerel","Mackerel","A small and silvery fish called mackerel",,"","","","","","","and; called; fish; mackerel; silvery; small","items/mackerel.md"
"item","provision_jewelry_turquoise_ring","Magnate Turquoise Ring","A solid gold ring with an oval of polished turquoise from Persia.",,"","","","","","","an; from; gold; jewelry; magnate; of; oval; persia; polished; provision; ring; solid; turquoise; with","items/provision_jewelry_turquoise_ring.md"
"item","marriagebook","Marriage Book","A book containing the guidelines and rituals for marriage",,"","","","","","","and; book; containing; for; guidelines; marriage; marriagebook; rituals; the","items/marriagebook.md"
"item","marriagecertification","Marriage Certify","A legal document certifying a marriage",,"","","","","","","certify; certifying; document; legal; marriage; marriagecertification","items/marriagecertification.md"
"item","meat","Meat","Fresh and uncooked meat from various animals",,"","","","","beef_jerky; steak; steak_n_eggs","","and; animals; beef; beefjerky; eggs; fresh; from; jerky; meat; steak; steakeggs; uncooked; various","items/meat.md"
"item","consumable_meat_greavy","Meat Stew","A hearty meat stew.",,"","","","","","","consumable; greavy; hearty; meat; stew","items/consumable_meat_greavy.md"
"item","provision_hrlm_hairpin_metal","Meatl Hairpin","A beautiful metal hairpin.",,"","","","","","","beautiful; hairpin; hrlm; meatl; metal; provision","items/provision_hrlm_hairpin_metal.md"
"item","consumable_medicine","Medicine","Medicinal treatment.",,"","","","","","","consumable; medicinal; medicine; treatment","items/consumable_medicine.md"
"item","a_c_fishbluegil_01_ms","Medium Bluegil","A medium-sized Bluegil fish.",,"","","","","","","01; bluegil; fish; fishbluegil; medium; ms; sized","items/a_c_fishbluegil_01_ms.md"
"item","a_c_fishbullheadcat_01_ms","Medium Bullhead","A medium-sized Bullhead fish.",,"","","","","","","01; bullhead; fish; fishbullheadcat; medium; ms; sized","items/a_c_fishbullheadcat_01_ms.md"
"item","butchertable2","Medium Butcher Table","A medium-sized table used for butchering animals.",,"","","","","","","animals; butcher; butchering; butchertable2; for; medium; sized; table; used","items/butchertable2.md"
"item","a_c_fishperch_01_ms","Medium Perch","A medium-sized Perch fish.",,"","","","","","","01; fish; fishperch; medium; ms; perch; sized","items/a_c_fishperch_01_ms.md"
"item","a_c_fishchainpickerel_01_ms","Medium Pickerel","A medium-sized Pickerel fish.",,"","","","","","","01; fish; fishchainpickerel; medium; ms; pickerel; sized","items/a_c_fishchainpickerel_01_ms.md"
"item","a_c_fishredfinpickerel_01_ms","Medium Redfin Pickerel","A medium-sized Redfin Pickerel fish.",,"","","","","","","01; fish; fishredfinpickerel; medium; ms; pickerel; redfin; sized","items/a_c_fishredfinpickerel_01_ms.md"
"item","a_c_fishrockbass_01_ms","Medium Rockbass","A medium-sized Rockbass fish.",,"","","","","","","01; fish; fishrockbass; medium; ms; rockbass; sized","items/a_c_fishrockbass_01_ms.md"
"item","metal_gear","Metal gear","A metal gear used in many machines.",,"","","","","","","gear; in; machines; many; metal; used","items/metal_gear.md"
"item","provision_asteroid_chunk","Meteorite","A rock that has fallen from space.",,"","","","","","","asteroid; chunk; fallen; from; has; meteorite; provision; rock; space; that","items/provision_asteroid_chunk.md"
"item","mexitillas","Mexitillas","A can of mixed mexcian beans.",,"","","","","","","beans; can; mexcian; mexitillas; mixed; of","items/mexitillas.md"
"item","milk","Milk","A nutritious and creamy dairy product",,"","","","","","","and; creamy; dairy; milk; nutritious; product","items/milk.md"
"item","Milk_Weed","Milk Weed","A plant with milky sap used for medicinal purposes",,"","","","","","","for; medicinal; milk; milky; plant; purposes; sap; used; weed; with","items/milk_weed.md"
"item","Milk_Weed_Seed","Milk Weed Seed","Seeds of the milkweed plant for cultivation",,"","","","","","","cultivation; for; milk; milkweed; of; plant; seed; seeds; the; weed","items/milk_weed_seed.md"
"item","appleCrumbMash","Minty Berry Mash","A mashed mixture of mint and berries used for crafting Moonshine",,"","","","","","","and; applecrumbmash; berries; berry; crafting; for; mash; mashed; mint; minty; mixture; moonshine; of; used","items/applecrumbmash.md"
"item","appleCrumbMoonshine","Minty Berry Moonshine","A strong alcoholic beverage made from mint and berries",,"","","","","","","alcoholic; and; applecrumbmoonshine; berries; berry; beverage; from; made; mint; minty; moonshine; strong","items/applecrumbmoonshine.md"
"item","provision_ro_flower_moccasin","Moccasin Orchid","Moccasin Flower Orchid can be identified by the yellow pouch like petal, red sepals, and wide leaves. This orchid can be found growing near pines or conifers in woodlands and forests.",,"","","","","","","and; be; by; can; conifers; flower; forests; found; growing; identified; in; leaves; like; moccasin; near; or; orchid; petal; pines; pouch; provision; red; ro; sepals; the; this; wide; woodlands; yellow","items/provision_ro_flower_moccasin.md"
"item","ammomolotov","Molotov Ammo","A glass bottle filled with flammable liquid, designed to burst into flames upon impact.",,"","","","","","","ammo; ammomolotov; bottle; burst; designed; filled; flames; flammable; glass; impact; into; liquid; molotov; to; upon; with","items/ammomolotov.md"
"item","moonshine","Moonshine","An illegally distilled and potent alcoholic beverage",,"","","","","","","alcoholic; an; and; beverage; distilled; illegally; moonshine; potent","items/moonshine.md"
"item","mooseantler","Moose Antlers","Impressive antlers shed by a moose",,"","","","","","","antlers; by; impressive; moose; mooseantler; shed","items/mooseantler.md"
"item","mooses","Moose pelt","A large and thick fur coat from a moose",,"","","","","","","and; coat; from; fur; large; moose; mooses; pelt; thick","items/mooses.md"
"item","morphine","Morphine","A potent analgesic and narcotic medication",,"","","","","","","analgesic; and; medication; morphine; narcotic; potent","items/morphine.md"
"item","morpcert","Morphine Prescription","A medical prescription for morphine medication",,"","","","","","","for; medical; medication; morpcert; morphine; prescription","items/morpcert.md"
"item","mountainmen","Mountain Camp Set","A set of equipment and supplies for a mountain camp",,"","","","","","","and; camp; equipment; for; mountain; mountainmen; of; set; supplies","items/mountainmen.md"
"item","muskrats","Muskrat skin","The fur skin of a muskrat, commonly used for crafting",,"","","","","","","commonly; crafting; for; fur; muskrat; muskrats; of; skin; the; used","items/muskrats.md"
"item","Mutton","Mutton","Meat from mature sheep used in cooking",,"","","","","","","cooking; from; in; mature; meat; mutton; sheep; used","items/mutton.md"
"item","nails","Nails","Small metal fasteners used for joining materials",,"","","","","","","fasteners; for; joining; materials; metal; nails; small; used","items/nails.md"
"item","nativebasket1","Native Basket 1","A traditional native basket for carrying items",,"","","","","","","basket; carrying; for; items; native; nativebasket1; traditional","items/nativebasket1.md"
"item","nativebasket2","Native Basket 2","A second variation of a traditional native basket",,"","","","","","","basket; native; nativebasket2; of; second; traditional; variation","items/nativebasket2.md"
"item","nativeskull","Native Decor 1","A decorative native skull for ornamental purposes",,"","","","","","","decor; decorative; for; native; nativeskull; ornamental; purposes; skull","items/nativeskull.md"
"item","nativedecor","Native Decor Set","A set of decorative native items for display",,"","","","","","","decor; decorative; display; for; items; native; nativedecor; of; set","items/nativedecor.md"
"item","nativepot","Native Pot","A traditional native pot for cooking and storage",,"","","","","","","and; cooking; for; native; nativepot; pot; storage; traditional","items/nativepot.md"
"item","tipi","Native Tipi","A traditional Native American tipi.",,"","","","","","","american; native; tipi; traditional","items/tipi.md"
"item","naturalwagon","Naturalists Wagon Set","A wagon set equipped for naturalists and explorers",,"","","","","","","and; equipped; explorers; for; naturalists; naturalwagon; set; wagon","items/naturalwagon.md"
"item","collector_fossil_neo","Neospirifer Fossil","A common Neospirifer fossil, millions of years old. Good condition.",,"","","","","","","collector; common; condition; fossil; good; millions; neo; neospirifer; of; old; years","items/collector_fossil_neo.md"
"item","provision_hrlm_brush_rosewood_ng","New Guinea Rosewood Hairbrush","An exotic new guinea rosewood hairbrush.",,"","","","","","","an; brush; exotic; guinea; hairbrush; hrlm; new; ng; provision; rosewood","items/provision_hrlm_brush_rosewood_ng.md"
"item","newspaper","Newspaper","A printed publication containing news and articles",,"","","","","","","and; articles; containing; news; newspaper; printed; publication","items/newspaper.md"
"item","provision_ro_flower_night_scented","Night Scented Orchid","Night Scented Orchid can be identified by the alternate stems, the long sepals, and white petal flowers. This orchid can be found growing upon another plant, often draping down from trees.",,"","","","","","","alternate; and; another; be; by; can; down; draping; flower; flowers; found; from; growing; identified; long; night; often; orchid; petal; plant; provision; ro; scented; sepals; stems; the; this; trees; upon; white","items/provision_ro_flower_night_scented.md"
"item","nightstand","Nightstand","A small bedside table for holding personal items",,"","","","","","","bedside; for; holding; items; nightstand; personal; small; table","items/nightstand.md"
"item","nitrite","Nitrite","A chemical compound used in various industrial processes",,"","","","","","","chemical; compound; in; industrial; nitrite; processes; used; various","items/nitrite.md"
"item","nitroglyserolia","Nitroglycerol","A highly explosive liquid compound used in explosives",,"","","","","","","compound; explosive; explosives; highly; in; liquid; nitroglycerol; nitroglyserolia; used","items/nitroglyserolia.md"
"item","notebook","Notebook","A small book with blank pages for writing or drawing",,"","","","","","","blank; book; drawing; for; notebook; or; pages; small; with; writing","items/notebook.md"
"item","provision_arrowhead_obsidian","Obsidian Arrowhead","A valuable arrowhead of smooth, gleaming obsidian.",,"","","","","","","arrowhead; gleaming; obsidian; of; provision; smooth; valuable","items/provision_arrowhead_obsidian.md"
"item","provision_jewelry_gld_bngle_bracelet","Ojeda Rose Gold Bangle Bracelet","A large bracelet of rose gold with elaborate cameo detailing.",,"","","","","","","bangle; bngle; bracelet; cameo; detailing; elaborate; gld; gold; jewelry; large; of; ojeda; provision; rose; with","items/provision_jewelry_gld_bngle_bracelet.md"
"item","obed","Old bed","An old bed that has seen better days.",,"","","","","","","an; bed; better; days; has; obed; old; seen; that","items/obed.md"
"item","Oleander_Sage","Oleander Sage","A herb known for its medicinal properties.",,"","","","","","","for; herb; its; known; medicinal; oleander; properties; sage","items/oleander_sage.md"
"item","Oleander_Sage_Seed","Oleander Sage Seed","A seed that can be planted to grow Oleander Sage.",,"","","","","","","be; can; grow; oleander; planted; sage; seed; that; to","items/oleander_sage_seed.md"
"item","opossumc","Opossum claws","Sharp claws from an opossum.",,"","","","","","","an; claws; from; opossum; opossumc; sharp","items/opossumc.md"
"item","opossums","Opossum skin","The fur and skin of an opossum.",,"","","","","","","an; and; fur; of; opossum; opossums; skin; the","items/opossums.md"
"item","provision_jewelry_dmnd_pendt_earring","Orchid├⌐e Diamond Earrings","Earrings set with clusters of brilliant cut diamonds in a floral pattern.",,"","","","","","","brilliant; clusters; cut; diamond; diamonds; dmnd; earring; earrings; floral; in; jewelry; of; orchid; pattern; pendt; provision; set; with","items/provision_jewelry_dmnd_pendt_earring.md"
"item","orden_presidente","Order of the President","A prestigious order awarded by the President.",,"","","","","","","awarded; by; of; orden; order; president; presidente; prestigious; the","items/orden_presidente.md"
"item","consumable_herb_oregano","Oregano","Fragrant oregano leaves.",,"","","","","","","consumable; fragrant; herb; leaves; oregano","items/consumable_herb_oregano.md"
"item","Oregano","Oregano","A fragrant herb commonly used in cooking.",,"","","","","","","commonly; cooking; fragrant; herb; in; oregano; used","items/oregano.md"
"item","Oregano_Seed","Oregano Seed","A seed that can be planted to grow Oregano.",,"","","","","","","be; can; grow; oregano; planted; seed; that; to","items/oregano_seed.md"
"item","oriole_c","Oriole","Vibrant feathers from an Oriole bird.",,"","","","","","","an; bird; feathers; from; oriole; vibrant","items/oriole_c.md"
"item","owlt","Owl claws","Sharp claws from an owl.",,"","","","","","","an; claws; from; owl; owlt; sharp","items/owlt.md"
"item","owlf","Owl feather","Feathers shed by an owl.",,"","","","","","","an; by; feather; feathers; owl; owlf; shed","items/owlf.md"
"item","panthere","Panther eyes","Intense and captivating eyes from a panther.",,"","","","","","","and; captivating; eyes; from; intense; panther; panthere","items/panthere.md"
"item","panthers","Panther skin","The sleek and supple skin of a panther.",,"","","","","","","and; of; panther; panthers; skin; sleek; supple; the","items/panthers.md"
"item","paper","Paper","Sheets of paper for writing or drawing.",,"","","","","","","drawing; for; of; or; paper; sheets; writing","items/paper.md"
"item","parasol","Parasol","A stylish and functional parasol to shield from the sun.",,"","","","","","","and; from; functional; parasol; shield; stylish; sun; the; to","items/parasol.md"
"item","Parasol_Mushroom","Parasol Mushroom","A mushroom with a wide, umbrella-like cap.",,"","","","","","","cap; like; mushroom; parasol; umbrella; wide; with","items/parasol_mushroom.md"
"item","Parasol_Mushroom_Seed","Parasol Mushroom Seed","A seed that can be planted to grow parasol mushrooms.",,"","","","","","","be; can; grow; mushroom; mushrooms; parasol; planted; seed; that; to","items/parasol_mushroom_seed.md"
"item","bparrotb","Parrot beak","A beak obtained from a parrot.",,"","","","","","","beak; bparrotb; from; obtained; parrot","items/bparrotb.md"
"item","bparrotf","Parrot feather","A feather obtained from a parrot.",,"","","","","","","bparrotf; feather; from; obtained; parrot","items/bparrotf.md"
"item","consumable_peach","Peach","Juicy and ripe peach.",,"","","","","","","and; consumable; juicy; peach; ripe","items/consumable_peach.md"
"item","consumable_peachcobbler","Peach Cobbler","A tasty peach cobbler.",,"","","","","","","cobbler; consumable; peach; peachcobbler; tasty","items/consumable_peachcobbler.md"
"item","consumable_peachjelly","Peach Jelly","Peach flavored jelly.",,"","","","","","","consumable; flavored; jelly; peach; peachjelly","items/consumable_peachjelly.md"
"item","mashpeach","Peach Mash","A mashed mixture of peaches used in culinary preparations",,"","","","","","","culinary; in; mash; mashed; mashpeach; mixture; of; peach; peaches; preparations; used","items/mashpeach.md"
"item","peachseeds","Peach Seeds","Seeds that can be planted to grow peach trees.",,"","","","","","","be; can; grow; peach; peachseeds; planted; seeds; that; to; trees","items/peachseeds.md"
"item","consumable_pear","Pear","A sweet and juicy pear.",,"","","","","","","and; consumable; juicy; pear; sweet","items/consumable_pear.md"
"item","pearl","Pearl","A hard, glistening object produced within the soft tissue of a living shelled mollusk.",,"","","","","","","glistening; hard; living; mollusk; object; of; pearl; produced; shelled; soft; the; tissue; within","items/pearl.md"
"item","provision_earring_pearl","Pearl Earring","A gold earring.",,"","","","","","","earring; gold; pearl; provision","items/provision_earring_pearl.md"
"item","peasantb","Peasant beak","The beak of a peasant bird.",,"","","","","","","beak; bird; of; peasant; peasantb; the","items/peasantb.md"
"item","peasantf","Peasant feather","A feather from a peasant bird.",,"","","","","","","bird; feather; from; peasant; peasantf","items/peasantf.md"
"item","pecaris","Peccary pelt","The fur of a peccary, a pig-like mammal.",,"","","","","","","fur; like; mammal; of; pecaris; peccary; pelt; pig; the","items/pecaris.md"
"item","pelicanb","Pelican beak","The beak of a pelican bird.",,"","","","","","","beak; bird; of; pelican; pelicanb; the","items/pelicanb.md"
"item","pelicanf","Pelican feather","A feather from a pelican bird.",,"","","","","","","bird; feather; from; pelican; pelicanf","items/pelicanf.md"
"item","provision_jewelry_mthr_pearl_necklace","Pell├⌐ Pearl Necklace","A beaded chain necklace with a fashionable mother of pearl pendant.",,"","","","","","","beaded; chain; fashionable; jewelry; mother; mthr; necklace; of; pearl; pell; pendant; provision; with","items/provision_jewelry_mthr_pearl_necklace.md"
"item","pen","Pen","A writing instrument used to apply ink.",,"","","","","","","apply; ink; instrument; pen; to; used; writing","items/pen.md"
"item","consumable_peppermint","Peppermint","Peppermint flavored candy.",,"","","","","","","candy; consumable; flavored; peppermint","items/consumable_peppermint.md"
"item","consumable_horsepeppermints","Peppermint Stick","Peppermint flavored candy stick.",,"","","","","","","candy; consumable; flavored; horsepeppermints; peppermint; stick","items/consumable_horsepeppermints.md"
"item","Health_For_Dog","Pet Bandages","Bandages designed for treating injuries in pets.",,"","","","","","","bandages; designed; dog; for; health; in; injuries; pet; pets; treating","items/health_for_dog.md"
"item","Drink_For_Dog","Pet Water","A refreshing drink specially made for pets to keep them hydrated.",,"","","","","","","dog; drink; for; hydrated; keep; made; pet; pets; refreshing; specially; them; to; water","items/drink_for_dog.md"
"item","collector_fossil_stone","Petoskey Stone Fossil","A common rock made of fossilized coral. Unpolished.",,"","","","","","","collector; common; coral; fossil; fossilized; made; of; petoskey; rock; stone; unpolished","items/collector_fossil_stone.md"
"item","pheasant_taxidermy","Pheasant Taxidermy","A preserved mount of a pheasant bird for display.",,"","","","","","","bird; display; for; mount; of; pheasant; preserved; taxidermy","items/pheasant_taxidermy.md"
"item","phestaxi","Pheasant Taxidermy","A preserved mount of a pheasant bird for display.",,"","","","","","","bird; display; for; mount; of; pheasant; phestaxi; preserved; taxidermy","items/phestaxi.md"
"item","pickaxe","Pickaxe","A tool with a pointed end and a handle, used for breaking up rocks and mining.",,"","","","","","pickaxe","and; breaking; end; for; handle; mining; pickaxe; pointed; rocks; tool; up; used; with","items/pickaxe.md"
"item","porkfat","Pig fat","The fat obtained from a pig, often used in cooking and making lard.",,"","","","","","","and; cooking; fat; from; in; lard; making; obtained; often; pig; porkfat; the; used","items/porkfat.md"
"item","pigs","Pig pelt","The skin and fur of a pig.",,"","","","","","","and; fur; of; pelt; pig; pigs; skin; the","items/pigs.md"
"item","pigeon_c","Pigeon","A pigeon bird.",,"","","","","","","bird; pigeon","items/pigeon_c.md"
"item","provision_jewelry_moon_ring","Pilgrim Moonstone Ring","A thick gold band with a single claw set moonstone.",,"","","","","","","band; claw; gold; jewelry; moon; moonstone; pilgrim; provision; ring; set; single; thick; with","items/provision_jewelry_moon_ring.md"
"item","pipe","Pipe","A tubular device used for smoking tobacco or other substances.",,"","","","","","","device; for; or; other; pipe; smoking; substances; tobacco; tubular; used","items/pipe.md"
"item","dynamite","Pipe charge dynamite","An explosive device consisting of a tube filled with explosive material, used for various purposes including mining and demolition.",,"","","","","","","an; and; charge; consisting; demolition; device; dynamite; explosive; filled; for; including; material; mining; of; pipe; purposes; tube; used; various; with","items/dynamite.md"
"item","ammopistolexplosive","Pistol Ammo Explosive","Ammunition for a pistol with explosive properties, causing significant damage upon impact.",,"","","","","","","ammo; ammopistolexplosive; ammunition; causing; damage; explosive; for; impact; pistol; properties; significant; upon; with","items/ammopistolexplosive.md"
"item","ammopistolexpress","Pistol Ammo Express","High-velocity ammunition specifically designed for pistols, providing increased range and damage.",,"","","","","","","ammo; ammopistolexpress; ammunition; and; damage; designed; express; for; high; increased; pistol; pistols; providing; range; specifically; velocity","items/ammopistolexpress.md"
"item","ammopistolnormal","Pistol Ammo Normal","Standard ammunition used with pistols for self-defense and combat.",,"","","","","","","ammo; ammopistolnormal; ammunition; and; combat; defense; for; normal; pistol; pistols; self; standard; used; with","items/ammopistolnormal.md"
"item","ammopistolsplitpoint","Pistol Ammo Splitpoint","Ammunition with a split point tip, designed to cause more damage and improve accuracy.",,"","","","","","","accuracy; ammo; ammopistolsplitpoint; ammunition; and; cause; damage; designed; improve; more; pistol; point; split; splitpoint; tip; to; with","items/ammopistolsplitpoint.md"
"item","ammopistolvelocity","Pistol Ammo Velocity","Ammunition designed to enhance the velocity and accuracy of pistol shots.",,"","","","","","","accuracy; ammo; ammopistolvelocity; ammunition; and; designed; enhance; of; pistol; shots; the; to; velocity","items/ammopistolvelocity.md"
"item","planttrimmer","Plant Trimmer","A set plant trimmers to keep the weeds in check.",,"","","","","","","check; in; keep; plant; planttrimmer; set; the; to; trimmer; trimmers; weeds","items/planttrimmer.md"
"item","provision_bracelet_platinum","Platinum Bracelet","A platinum bracelet",,"","","","","","","bracelet; platinum; provision","items/provision_bracelet_platinum.md"
"item","provision_buckle_platinum","Platinum Buckle","A platinum belt buckle.",,"","","","","","","belt; buckle; platinum; provision","items/provision_buckle_platinum.md"
"item","provision_earring_platinum","Platinum Earring","A beautiful pearl earring.",,"","","","","","","beautiful; earring; pearl; platinum; provision","items/provision_earring_platinum.md"
"item","provision_ring_platinum","Platinum Ring","A finely crafted platinum ring.",,"","","","","","","crafted; finely; platinum; provision; ring","items/provision_ring_platinum.md"
"item","mashplum","Plum Mash","A mashed mixture of plums used in cooking and distilling",,"","","","","","","and; cooking; distilling; in; mash; mashed; mashplum; mixture; of; plum; plums; used","items/mashplum.md"
"item","pocket_watch","Pocket Watch","A small timepiece designed to be carried in a pocket.",,"","","","","","","be; carried; designed; in; pocket; small; timepiece; to; watch","items/pocket_watch.md"
"item","ammopoisonbottle","Poison Bottle Ammo","A glass bottle filled with a poisonous substance, used to coat weapons and inflict additional damage.",,"","","","","","","additional; ammo; ammopoisonbottle; and; bottle; coat; damage; filled; glass; inflict; poison; poisonous; substance; to; used; weapons; with","items/ammopoisonbottle.md"
"item","frogbull2_c","Poisoned Frogbull","A toxic variant of a frogbull.",,"","","","","","","frogbull; frogbull2; of; poisoned; toxic; variant","items/frogbull2_c.md"
"item","toadpoison_c","Poisoned Toad","A toad that carries poison.",,"","","","","","","carries; poison; poisoned; that; toad; toadpoison","items/toadpoison_c.md"
"item","pokerset","Poker Table Set","A complete set for playing poker, including a table and cards.",,"","","","","","","and; cards; complete; for; including; playing; poker; pokerset; set; table","items/pokerset.md"
"item","pork","Pork","The meat from a pig, commonly used for cooking and eating.",,"","","","","breakfast; porkchop; porkchops_and_applesauce; seasoned_porkchop","","and; applesauce; breakfast; commonly; consumable; cookedpork; cooking; eating; for; from; meat; pig; pork; porkchop; porkchops; porknapples; seasoned; the; used","items/pork.md"
"item","potato","Potato","An edible starchy tuber that is commonly used in cooking.",,"","","","","steak_n_eggs; veggie_stew","","an; commonly; cooking; edible; eggs; in; is; potato; starchy; steak; steakeggs; stew; that; tuber; used; veggie; vegstew","items/potato.md"
"item","potatoseed","Potato Seed","A seed that can be planted to grow potato plants.",,"","","","","","","be; can; grow; planted; plants; potato; potatoseed; seed; that; to","items/potatoseed.md"
"item","potion","Potion","A potion with magical healing properties.",,"","","","","","","healing; magical; potion; properties; with","items/potion.md"
"item","consumable_poundcake","Pound Cake","A delicious pound cake.",,"","","","","","","cake; consumable; delicious; pound; poundcake","items/consumable_poundcake.md"
"item","prairib","Prairie Chicken Beak","The beak of a prairie chicken, a bird species found in grassland habitats.",,"","","","","","","beak; bird; chicken; found; grassland; habitats; in; of; prairib; prairie; species; the","items/prairib.md"
"item","prairif","Prairie Chicken Feather","A feather from a prairie chicken bird, often used in crafts and decorations.",,"","","","","","","and; bird; chicken; crafts; decorations; feather; from; in; often; prairie; prairif; used","items/prairif.md"
"item","Prairie_Poppy","Prairie Poppy","A type of poppy flower that is native to prairie regions.",,"","","","","","","flower; is; native; of; poppy; prairie; regions; that; to; type","items/prairie_poppy.md"
"item","Prairie_Poppy_Seed","Prairie Poppy Seed","A seed that can be planted to grow prairie poppy flowers.",,"","","","","","","be; can; flowers; grow; planted; poppy; prairie; seed; that; to","items/prairie_poppy_seed.md"
"item","premium_beefjerky","Premium Beef Jerky","nice item",,"","","","","","premium_beef_jerky","beef; beefjerky; item; jerky; nice; premium","items/premium_beefjerky.md"
"item","consumable_pretzel","Pretzel","A tasty pretzel with salt.",,"","","","","","","consumable; pretzel; salt; tasty; with","items/consumable_pretzel.md"
"item","pronghornh","Pronghorn Horn","The horn of a pronghorn, a mammal native to North America.",,"","","","","","","america; horn; mammal; native; north; of; pronghorn; pronghornh; the; to","items/pronghornh.md"
"item","prongs","Pronghorn Skin","The skin of a pronghorn, known for its soft and durable fur.",,"","","","","","","and; durable; for; fur; its; known; of; pronghorn; prongs; skin; soft; the","items/prongs.md"
"item","pulp","Pulp","A soft and moist mass of plant fibers, typically obtained from crushing or processing plant materials.",,"","","","","","","and; crushing; fibers; from; mass; materials; moist; obtained; of; or; plant; processing; pulp; soft; typically","items/pulp.md"
"item","quailb","Quail Beak","The beak of a quail bird, often used for crafts and decorative purposes.",,"","","","","","","and; beak; bird; crafts; decorative; for; of; often; purposes; quail; quailb; the; used","items/quailb.md"
"item","quailf","Quail Feather","A feather from a quail bird, known for its small size and distinctive patterns.",,"","","","","","","and; bird; distinctive; feather; for; from; its; known; patterns; quail; quailf; size; small","items/quailf.md"
"item","quartz","Quartz","A hard mineral often used in jewelry and decorative items.",,"","","","","","","and; decorative; hard; in; items; jewelry; mineral; often; quartz; used","items/quartz.md"
"item","provision_arrowhead_quartz","Quartz Arrowhead","An eye-catching arrowhead of cut quartz, in good condition.",,"","","","","","","an; arrowhead; catching; condition; cut; eye; good; in; of; provision; quartz","items/provision_arrowhead_quartz.md"
"item","provision_ro_flower_queens","Queens Orchid","The Queens Orchid can be identified by the white sepals, and purple and white curled petal.",,"","","","","","","and; be; by; can; curled; flower; identified; orchid; petal; provision; purple; queens; ro; sepals; the; white","items/provision_ro_flower_queens.md"
"item","rabbits","Rabbit Skin","The skin of a rabbit, commonly used in making fur garments and accessories.",,"","","","","","","accessories; and; commonly; fur; garments; in; making; of; rabbit; rabbits; skin; the; used","items/rabbits.md"
"item","rabbitpaw","Rabbitfoot","The foot of a rabbit, sometimes considered a good luck charm.",,"","","","","","","charm; considered; foot; good; luck; of; rabbit; rabbitfoot; rabbitpaw; sometimes; the","items/rabbitpaw.md"
"item","raccoons","Raccoon Skin","The skin of a raccoon, known for its distinctive ringed tail and soft fur.",,"","","","","","","and; distinctive; for; fur; its; known; of; raccoon; raccoons; ringed; skin; soft; tail; the","items/raccoons.md"
"item","raccoont","Raccoon Tooth","A tooth from a raccoon, often used in crafts and jewelry.",,"","","","","","","and; crafts; from; in; jewelry; often; raccoon; raccoont; tooth; used","items/raccoont.md"
"item","collector_fossil_pet_wood_rainbow","Rainbow Petrified Wood Fossil","An uncommon piece of petrified wood filled with multicolored crystals.",,"","","","","","","an; collector; crystals; filled; fossil; multicolored; of; pet; petrified; piece; rainbow; uncommon; with; wood","items/collector_fossil_pet_wood_rainbow.md"
"item","a_c_fishrainbowtrout_01_ms","Rainbow Trout","A Rainbow Trout fish.",,"","","","","","","01; fish; fishrainbowtrout; ms; rainbow; trout","items/a_c_fishrainbowtrout_01_ms.md"
"item","raisin","Raisin","A dried grape that makes good eating.",,"","","","","","","dried; eating; good; grape; makes; raisin; that","items/raisin.md"
"item","ramhorn","Ram Horn","The horn of a ram, a male sheep, often used in crafting and decoration.",,"","","","","","","and; crafting; decoration; horn; in; male; of; often; ram; ramhorn; sheep; the; used","items/ramhorn.md"
"item","rams","Ram Pelt","The fur and skin of a ram, known for its warmth and durability.",,"","","","","","","and; durability; for; fur; its; known; of; pelt; ram; rams; skin; the; warmth","items/rams.md"
"item","Rams_Head","Rams Head","The preserved head of a ram, often used as a hunting trophy or decorative item.",,"","","","","","","as; decorative; head; hunting; item; of; often; or; preserved; ram; rams; the; trophy; used","items/rams_head.md"
"item","Rams_Head_Seed","Rams Head Seed","A seed that can be planted to grow plants resembling a rams head.",,"","","","","","","be; can; grow; head; planted; plants; rams; resembling; seed; that; to","items/rams_head_seed.md"
"item","raspberryale","Raspberry Ale","A type of ale infused with the flavor of raspberries.",,"","","","","","","ale; flavor; infused; of; raspberries; raspberry; raspberryale; the; type; with","items/raspberryale.md"
"item","consumable_raspberryjelly","Raspberry Jelly","Raspberry flavored jelly.",,"","","","","","","consumable; flavored; jelly; raspberry; raspberryjelly","items/consumable_raspberryjelly.md"
"item","mashraspberry","Raspberry Mash","A mashed mixture of raspberries used for culinary purposes",,"","","","","","","culinary; for; mash; mashed; mashraspberry; mixture; of; purposes; raspberries; raspberry; used","items/mashraspberry.md"
"item","mashraspberry90p","Raspberry Mash 90p","A concentrated raspberry mash used for crafting potent beverages",,"","","","","","","90p; beverages; concentrated; crafting; for; mash; mashraspberry90p; potent; raspberry; used","items/mashraspberry90p.md"
"item","rat_c","Rat","A small rodent known for its agility and ability to adapt to various environments.",,"","","","","","","ability; adapt; agility; and; environments; for; its; known; rat; rodent; small; to; various","items/rat_c.md"
"item","provision_ro_flower_rat_tail","Rat Tail Orchid","The Rat Tail Orchid has long, thin hanging stems, pencil-like leaves and rigid flowering stems bearing up to twelve crowded white to cream-coloured flowers.",,"","","","","","","and; bearing; coloured; cream; crowded; flower; flowering; flowers; hanging; has; leaves; like; long; orchid; pencil; provision; rat; rigid; ro; stems; tail; the; thin; to; twelve; up; white","items/provision_ro_flower_rat_tail.md"
"item","ravenc","Raven Claws","The claws of a raven bird, often used for crafts and jewelry.",,"","","","","","","and; bird; claws; crafts; for; jewelry; of; often; raven; ravenc; the; used","items/ravenc.md"
"item","ravenf","Raven Feather","A feather from a raven bird, known for its glossy black color and sleek appearance.",,"","","","","","","and; appearance; bird; black; color; feather; for; from; glossy; its; known; raven; ravenf; sleek","items/ravenf.md"
"item","provision_arrowhead_raw","Raw Arrowhead","A roughly hacked arrowhead made from pale stone.",,"","","","","","","arrowhead; from; hacked; made; pale; provision; raw; roughly; stone","items/provision_arrowhead_raw.md"
"item","raw_bacon","Raw Bacon","Raw uncooked bacon.",,"","","","","","","bacon; raw; uncooked","items/raw_bacon.md"
"item","rectable","Rectangle Table","A rectangular-shaped table, suitable for various purposes such as dining or work.",,"","","","","","","as; dining; for; or; purposes; rectable; rectangle; rectangular; shaped; such; suitable; table; various; work","items/rectable.md"
"item","rectangle_table","Rectangle Table","A table with a rectangular shape, often used for dining or as a work surface.",,"","","","","","","as; dining; for; often; or; rectangle; rectangular; shape; surface; table; used; with; work","items/rectangle_table.md"
"item","Red_Raspberry","Red Raspberry","A type of raspberry with a red color, commonly used in desserts and preserves.",,"","","","","","","and; color; commonly; desserts; in; of; preserves; raspberry; red; type; used; with","items/red_raspberry.md"
"item","Red_Raspberry_Seed","Red Raspberry Seed","A seed that can be planted to grow red raspberry plants.",,"","","","","","","be; can; grow; planted; plants; raspberry; red; seed; that; to","items/red_raspberry_seed.md"
"item","Red_Sage","Red Sage","A type of sage plant with red-colored flowers, often used in herbal remedies and smudging ceremonies.",,"","","","","","","and; ceremonies; colored; flowers; herbal; in; of; often; plant; red; remedies; sage; smudging; type; used; with","items/red_sage.md"
"item","Red_Sage_Seed","Red Sage Seed","A seed that can be planted to grow red sage plants.",,"","","","","","","be; can; grow; planted; plants; red; sage; seed; that; to","items/red_sage_seed.md"
"item","squirrel_red_c","Red Squirrel","A Red squirrel",,"","","","","","","red; squirrel","items/squirrel_red_c.md"
"item","boobyb","Red-footed booby beak","A beak obtained from a red-footed booby bird.",,"","","","","","","beak; bird; booby; boobyb; footed; from; obtained; red","items/boobyb.md"
"item","boobyf","Red-footed booby feather","A feather obtained from a red-footed booby bird.",,"","","","","","","bird; booby; boobyf; feather; footed; from; obtained; red","items/boobyf.md"
"item","ammorepeaterexplosive","Repeater Ammo Explosive","Ammunition for a repeater rifle with explosive properties, causing significant damage upon impact.",,"","","","","","","ammo; ammorepeaterexplosive; ammunition; causing; damage; explosive; for; impact; properties; repeater; rifle; significant; upon; with","items/ammorepeaterexplosive.md"
"item","ammorepeaterexpress","Repeater Ammo Express","High-velocity ammunition specifically designed for repeater rifles, providing increased range and damage.",,"","","","","","","ammo; ammorepeaterexpress; ammunition; and; damage; designed; express; for; high; increased; providing; range; repeater; rifles; specifically; velocity","items/ammorepeaterexpress.md"
"item","ammorepeaternormal","Repeater Ammo Normal","Standard ammunition used with repeater rifles for self-defense and combat.",,"","","","","","","ammo; ammorepeaternormal; ammunition; and; combat; defense; for; normal; repeater; rifles; self; standard; used; with","items/ammorepeaternormal.md"
"item","ammorepeatersplitpoint","Repeater Ammo Splitpoint","Ammunition with a split point tip, designed to cause more damage and improve accuracy when used with repeater rifles.",,"","","","","","","accuracy; ammo; ammorepeatersplitpoint; ammunition; and; cause; damage; designed; improve; more; point; repeater; rifles; split; splitpoint; tip; to; used; when; with","items/ammorepeatersplitpoint.md"
"item","ammorepeatervelocity","Repeater Ammo Velocity","Ammunition designed to enhance the velocity and accuracy of repeater rifle shots.",,"","","","","","","accuracy; ammo; ammorepeatervelocity; ammunition; and; designed; enhance; of; repeater; rifle; shots; the; to; velocity","items/ammorepeatervelocity.md"
"item","repeaterbarrel","Repeater Barrel","A replacement barrel for a repeater firearm, used for improving accuracy and performance.",,"","","","","","","accuracy; and; barrel; firearm; for; improving; performance; repeater; repeaterbarrel; replacement; used","items/repeaterbarrel.md"
"item","repeatermold","Repeater Mold","A mold used for casting the components of a repeater firearm.",,"","","","","","","casting; components; firearm; for; mold; of; repeater; repeatermold; the; used","items/repeatermold.md"
"item","repeaterreceiver","Repeater Receiver","A replacement receiver for a repeater firearm, which houses the firing mechanism.",,"","","","","","","firearm; firing; for; houses; mechanism; receiver; repeater; repeaterreceiver; replacement; the; which","items/repeaterreceiver.md"
"item","repeaterrecmold","Repeater Receiver Mold","A mold used for casting the receiver of a repeater firearm.",,"","","","","","","casting; firearm; for; mold; of; receiver; repeater; repeaterrecmold; the; used","items/repeaterrecmold.md"
"item","repeaterstock","Repeater Stock","A replacement stock for a repeater firearm, providing stability and control.",,"","","","","","","and; control; firearm; for; providing; repeater; repeaterstock; replacement; stability; stock","items/repeaterstock.md"
"item","ammorevolverexplosive","Revolver Ammo Explosive","Ammunition for a revolver with explosive properties, causing significant damage upon impact.",,"","","","","","","ammo; ammorevolverexplosive; ammunition; causing; damage; explosive; for; impact; properties; revolver; significant; upon; with","items/ammorevolverexplosive.md"
"item","ammorevolverexpress","Revolver Ammo Express","High-velocity ammunition specifically designed for revolvers, providing increased range and damage.",,"","","","","","","ammo; ammorevolverexpress; ammunition; and; damage; designed; express; for; high; increased; providing; range; revolver; revolvers; specifically; velocity","items/ammorevolverexpress.md"
"item","ammorevolvernormal","Revolver Ammo Normal","Standard ammunition used with revolvers for self-defense and combat.",,"","","","","","","ammo; ammorevolvernormal; ammunition; and; combat; defense; for; normal; revolver; revolvers; self; standard; used; with","items/ammorevolvernormal.md"
"item","ammorevolversplitpoint","Revolver Ammo Splitpoint","Ammunition with a split point tip, designed to cause more damage and improve accuracy when used with revolvers.",,"","","","","","","accuracy; ammo; ammorevolversplitpoint; ammunition; and; cause; damage; designed; improve; more; point; revolver; revolvers; split; splitpoint; tip; to; used; when; with","items/ammorevolversplitpoint.md"
"item","ammorevolvervelocity","Revolver Ammo Velocity","Ammunition designed to enhance the velocity and accuracy of revolver shots.",,"","","","","","","accuracy; ammo; ammorevolvervelocity; ammunition; and; designed; enhance; of; revolver; shots; the; to; velocity","items/ammorevolvervelocity.md"
"item","revolverbarrel","Revolver Barrel","A replacement barrel for a revolver firearm, used for improving accuracy and performance.",,"","","","","revolver_navy","","accuracy; and; barrel; firearm; for; improving; navy; performance; replacement; revolver; revolverbarrel; used","items/revolverbarrel.md"
"item","revolvercylinder","Revolver Cylinder","A replacement cylinder for a revolver firearm, which holds the ammunition.",,"","","","","revolver_navy","","ammunition; cylinder; firearm; for; holds; navy; replacement; revolver; revolvercylinder; the; which","items/revolvercylinder.md"
"item","revolverhandle","Revolver Handle","A replacement handle for a revolver firearm, providing grip and control.",,"","","","","revolver_navy","","and; control; firearm; for; grip; handle; navy; providing; replacement; revolver; revolverhandle","items/revolverhandle.md"
"item","revolvermold","Revolver Mold","A mold used for casting the components of a revolver firearm.",,"","","","","","","casting; components; firearm; for; mold; of; revolver; revolvermold; the; used","items/revolvermold.md"
"item","provision_jewelry_amethyst_necklace","Richelieu Amethyst Necklace","A delicate necklace featuring a duo of purple amethyst and silver pearl.",,"","","","","","","amethyst; and; delicate; duo; featuring; jewelry; necklace; of; pearl; provision; purple; richelieu; silver","items/provision_jewelry_amethyst_necklace.md"
"item","ammorifleexplosive","Rifle Ammo Explosive","Ammunition for a rifle with explosive properties, causing significant damage upon impact.",,"","","","","","","ammo; ammorifleexplosive; ammunition; causing; damage; explosive; for; impact; properties; rifle; significant; upon; with","items/ammorifleexplosive.md"
"item","ammorifleexpress","Rifle Ammo Express","High-velocity ammunition specifically designed for rifles, providing increased range and damage.",,"","","","","","","ammo; ammorifleexpress; ammunition; and; damage; designed; express; for; high; increased; providing; range; rifle; rifles; specifically; velocity","items/ammorifleexpress.md"
"item","ammoriflenormal","Rifle Ammo Normal","Standard ammunition used with rifles for self-defense and combat.",,"","","","","","","ammo; ammoriflenormal; ammunition; and; combat; defense; for; normal; rifle; rifles; self; standard; used; with","items/ammoriflenormal.md"
"item","ammoriflesplitpoint","Rifle Ammo Splitpoint","Ammunition with a split point tip, designed to cause more damage and improve accuracy when used with rifles.",,"","","","","","","accuracy; ammo; ammoriflesplitpoint; ammunition; and; cause; damage; designed; improve; more; point; rifle; rifles; split; splitpoint; tip; to; used; when; with","items/ammoriflesplitpoint.md"
"item","ammoriflevelocity","Rifle Ammo Velocity","Ammunition designed to enhance the velocity and accuracy of rifle shots.",,"","","","","","","accuracy; ammo; ammoriflevelocity; ammunition; and; designed; enhance; of; rifle; shots; the; to; velocity","items/ammoriflevelocity.md"
"item","riflebarrel","Rifle Barrel","A replacement barrel for a rifle firearm, used for improving accuracy and performance.",,"","","","","","","accuracy; and; barrel; firearm; for; improving; performance; replacement; rifle; riflebarrel; used","items/riflebarrel.md"
"item","riflemold","Rifle Mold","A mold used for casting the components of a rifle firearm.",,"","","","","","","casting; components; firearm; for; mold; of; rifle; riflemold; the; used","items/riflemold.md"
"item","riflereceiver","Rifle Receiver","A replacement receiver for a rifle firearm, which houses the firing mechanism.",,"","","","","","","firearm; firing; for; houses; mechanism; receiver; replacement; rifle; riflereceiver; the; which","items/riflereceiver.md"
"item","riflerecmold","Rifle Receiver Mold","A mold used for casting the receiver of a rifle firearm.",,"","","","","","","casting; firearm; for; mold; of; receiver; rifle; riflerecmold; the; used","items/riflerecmold.md"
"item","riflestock","Rifle Stock","A replacement stock for a rifle firearm, providing stability and control.",,"","","","","","","and; control; firearm; for; providing; replacement; rifle; riflestock; stability; stock","items/riflestock.md"
"item","roach","Roach","A small insect commonly found in households and other environments.",,"","","","","","","and; commonly; environments; found; households; in; insect; other; roach; small","items/roach.md"
"item","robberyplanning","Robbery Planning Set","A set of tools and materials used for planning a robbery or heist.",,"","","","","","","and; for; heist; materials; of; or; planning; robbery; robberyplanning; set; tools; used","items/robberyplanning.md"
"item","robin_c","Robin","A small songbird known for its red breast and melodious voice.",,"","","","","","","and; breast; for; its; known; melodious; red; robin; small; songbird; voice","items/robin_c.md"
"item","rock","Rock","A solid mineral material that forms the Earths crust, commonly found in various shapes and sizes.",,"","","","","campfire","","and; campfire; commonly; crust; earths; forms; found; in; material; mineral; rock; shapes; sizes; solid; that; the; various","items/rock.md"
"item","rollingpaper","Rolling paper","A thin, lightweight paper used for rolling cigarettes or other smoking materials.",,"","","","","","","cigarettes; for; lightweight; materials; or; other; paper; rolling; rollingpaper; smoking; thin; used","items/rollingpaper.md"
"item","cockc","Rooster claws","Claws from a rooster.",,"","","","","","","claws; cockc; from; rooster","items/cockc.md"
"item","cockf","Rooster feather","Feathers from a rooster.",,"","","","","","","cockf; feather; feathers; from; rooster","items/cockf.md"
"item","rspoonb","Roseta Spoonbill beak","The long, slender beak of a Roseta Spoonbill bird, known for its distinctive shape and color.",,"","","","","","","and; beak; bird; color; distinctive; for; its; known; long; of; roseta; rspoonb; shape; slender; spoonbill; the","items/rspoonb.md"
"item","rspoonf","Roseta Spoonbill feather","A feather from a Roseta Spoonbill bird, often used in crafts and decorative items.",,"","","","","","","and; bird; crafts; decorative; feather; from; in; items; often; roseta; rspoonf; spoonbill; used","items/rspoonf.md"
"item","provision_hrlm_brush_rosewood","Rosewood Hairbrush","A hand carved rosewood brush.",,"","","","","","","brush; carved; hairbrush; hand; hrlm; provision; rosewood","items/provision_hrlm_brush_rosewood.md"
"item","provision_jewelry_gld_pearl_necklace","Rou Pearl Necklace","A necklace made of fine rose gold featuring a single pearl from the Orient.",,"","","","","","","featuring; fine; from; gld; gold; jewelry; made; necklace; of; orient; pearl; provision; rose; rou; single; the","items/provision_jewelry_gld_pearl_necklace.md"
"item","provision_arrowhead_rough","Rough Arrowhead","A stone arrowhead, badly weathered over time.",,"","","","","","","arrowhead; badly; over; provision; rough; stone; time; weathered","items/provision_arrowhead_rough.md"
"item","round_table","Round Table","A table with a round top surface, typically used for dining or meetings.",,"","","","","","","dining; for; meetings; or; round; surface; table; top; typically; used; with","items/round_table.md"
"item","roundtable","Round Table","A circular table with a flat top surface, often used for dining or discussions.",,"","","","","","","circular; dining; discussions; flat; for; often; or; round; roundtable; surface; table; top; used; with","items/roundtable.md"
"item","provision_jewelry_qn_dmnd_earring","Royal Victoria Diamond Earrings","A series of small diamonds claw set in a floral cluster on a white gold band.",,"","","","","","","band; claw; cluster; diamond; diamonds; dmnd; earring; earrings; floral; gold; in; jewelry; of; on; provision; qn; royal; series; set; small; victoria; white","items/provision_jewelry_qn_dmnd_earring.md"
"item","rubber","Rubber","A flexible, elastic material derived from the sap of certain plants or synthesized chemically.",,"","","","","","","certain; chemically; derived; elastic; flexible; from; material; of; or; plants; rubber; sap; synthesized; the","items/rubber.md"
"item","rubbertube","Rubber Tube","A cylindrical tube made of rubber, commonly used for various applications such as plumbing or medical procedures.",,"","","","","","","applications; as; commonly; cylindrical; for; made; medical; of; or; plumbing; procedures; rubber; rubbertube; such; tube; used; various","items/rubbertube.md"
"item","provision_jewelry_whtgld_dmnd_ring","Sackville Diamond Ring","A series of small diamonds claw set in a floral cluster on a white gold band.",,"","","","","","","band; claw; cluster; diamond; diamonds; dmnd; floral; gold; in; jewelry; of; on; provision; ring; sackville; series; set; small; white; whtgld","items/provision_jewelry_whtgld_dmnd_ring.md"
"item","salmon","Salmon","Fresh salmon",,"","","","","","","fresh; salmon","items/salmon.md"
"item","consumable_salmon_can","Salmon Can","Canned salmon.",,"","","","","","","can; canned; consumable; salmon","items/consumable_salmon_can.md"
"item","salt","Salt","Common salt",,"","","","","beef_jerky; bird_stew; bird_stew_2; premium_beef_jerky; seasoned_big_game; seasoned_porkchop; seasoned_small_game; veggie_stew","","beef; beefjerky; big; bird; birdstew; common; cookedpork; cookedsmallgame; game; jerky; pork; porkchop; premium; salt; saltedcookedbiggamemeat; seasoned; small; stew; veggie; vegstew","items/salt.md"
"item","Saltbush","Saltbush","Saltbush plant",,"","","","","","","plant; saltbush","items/saltbush.md"
"item","Saltbush_Seed","Saltbush Seed","Seed of Saltbush plant",,"","","","","","","of; plant; saltbush; seed","items/saltbush_seed.md"
"item","sandbag","Sandbag","A bag of sand. often used in construction.",,"","","","","","","bag; construction; in; of; often; sand; sandbag; used","items/sandbag.md"
"item","sandpaper","Sandpaper","A sheet of sandpaper used for smoothing wood.",,"","","","","","","for; of; sandpaper; sheet; smoothing; used; wood","items/sandpaper.md"
"item","sap","Sap","Sticky sap",,"","","","","","","sap; sticky","items/sap.md"
"item","sarsaparilla","Sarsaparilla","Medicinal sarsaparilla",,"","","","","","","medicinal; sarsaparilla","items/sarsaparilla.md"
"item","scale","Scale","Measuring scale",,"","","","","","","measuring; scale","items/scale.md"
"item","songbird2_c","Scarlet songbird","A beautiful scarlet songbird",,"","","","","","","beautiful; scarlet; songbird; songbird2","items/songbird2_c.md"
"item","scentg","Scent glad","Scented glad",,"","","","","","","glad; scent; scented; scentg","items/scentg.md"
"item","collector_fossil_sea_lily","Sea Lily Fossil","An uncommon fossilized crinoid, a marine animal millions of years old.",,"","","","","","","an; animal; collector; crinoid; fossil; fossilized; lily; marine; millions; of; old; sea; uncommon; years","items/collector_fossil_sea_lily.md"
"item","collector_fossil_sea_scorpion","Sea Scorpion Fossil","An uncommon eurypterid fossil in good condition.",,"","","","","","","an; collector; condition; eurypterid; fossil; good; in; scorpion; sea; uncommon","items/collector_fossil_sea_scorpion.md"
"item","seagullb","Seagull beak","Beak of a seagull",,"","","","","","","beak; of; seagull; seagullb","items/seagullb.md"
"item","seagullf","Seagull feather","Feather from a seagull",,"","","","","","","feather; from; seagull; seagullf","items/seagullf.md"
"item","SaltedCookedBigGameMeat","Seasoned Big Game","nice item",,"","","","","","seasoned_big_game","big; game; item; nice; saltedcookedbiggamemeat; seasoned","items/saltedcookedbiggamemeat.md"
"item","cookedpork","Seasoned Pork","nice item",,"","","","","","porkchop; seasoned_porkchop","cookedpork; item; nice; pork; porkchop; seasoned","items/cookedpork.md"
"item","secondchance","Second Chance","Opportunity for a second chance",,"","","","","","","chance; for; opportunity; second; secondchance","items/secondchance.md"
"item","collector_fossil_tooth_serrated","Serrated Tooth Fossil","A rare and jagged fossilized tooth, once belonging to an Allosaurus.",,"","","","","","","allosaurus; an; and; belonging; collector; fossil; fossilized; jagged; once; rare; serrated; to; tooth","items/collector_fossil_tooth_serrated.md"
"item","trayoffood","Serving Table","A table used for serving food.",,"","","","","","","food; for; serving; table; trayoffood; used","items/trayoffood.md"
"item","sheephead","Sheep head","Head of a sheep",,"","","","","","","head; of; sheep; sheephead","items/sheephead.md"
"item","shellcasing","Shell Casing","Empty shell casing",,"","","","","","","casing; empty; shell; shellcasing","items/shellcasing.md"
"item","shootingtarget","Shooting Target","Target for shooting practice",,"","","","","","","for; practice; shooting; shootingtarget; target","items/shootingtarget.md"
"item","ammoshotgunexplosive","Shotgun Ammo Explosive","Ammunition for a shotgun with explosive properties, causing significant damage upon impact.",,"","","","","","","ammo; ammoshotgunexplosive; ammunition; causing; damage; explosive; for; impact; properties; shotgun; significant; upon; with","items/ammoshotgunexplosive.md"
"item","ammoshotgunincendiary","Shotgun Ammo Incendiary","Ammunition designed to ignite targets, causing them to burst into flames.",,"","","","","","","ammo; ammoshotgunincendiary; ammunition; burst; causing; designed; flames; ignite; incendiary; into; shotgun; targets; them; to","items/ammoshotgunincendiary.md"
"item","ammoshotgunnormal","Shotgun Ammo Normal","Standard ammunition used with shotguns for self-defense and combat.",,"","","","","","","ammo; ammoshotgunnormal; ammunition; and; combat; defense; for; normal; self; shotgun; shotguns; standard; used; with","items/ammoshotgunnormal.md"
"item","ammoshotgunslug","Shotgun Ammo Slug","Ammunition with a single solid projectile, offering increased accuracy and range for shotguns.",,"","","","","","","accuracy; ammo; ammoshotgunslug; ammunition; and; for; increased; offering; projectile; range; shotgun; shotguns; single; slug; solid; with","items/ammoshotgunslug.md"
"item","shotgunbarrel","Shotgun Barrel","Barrel for a shotgun",,"","","","","","","barrel; for; shotgun; shotgunbarrel","items/shotgunbarrel.md"
"item","shotgunmold","Shotgun Mold","Mold for a shotgun",,"","","","","","","for; mold; shotgun; shotgunmold","items/shotgunmold.md"
"item","shotgunstock","Shotgun Stock","Stock for a shotgun",,"","","","","","","for; shotgun; shotgunstock; stock","items/shotgunstock.md"
"item","shrimps","Shrimp Stew","Delicious shrimp stew",,"","","","","","","delicious; shrimp; shrimps; stew","items/shrimps.md"
"item","provision_disco_shrunken_head","Shrunken Head","A shurken head. possibly used in vodoo.",,"","","","","","","disco; head; in; possibly; provision; shrunken; shurken; used; vodoo","items/provision_disco_shrunken_head.md"
"item","side_table","side table 1","A stylish side table",,"","","","","","","side; stylish; table","items/side_table.md"
"item","sidetable","side table 1","Functional side table",,"","","","","","","functional; side; sidetable; table","items/sidetable.md"
"item","side_tablea","side table 2","An elegant side table",,"","","","","","","an; elegant; side; table; tablea","items/side_tablea.md"
"item","sidetablea","side table 2","Stylish side table",,"","","","","","","side; sidetablea; stylish; table","items/sidetablea.md"
"item","side_tableb","side table 3","A modern side table",,"","","","","","","modern; side; table; tableb","items/side_tableb.md"
"item","sidetableb","side table 3","A beautiful side table",,"","","","","","","beautiful; side; sidetableb; table","items/sidetableb.md"
"item","provision_bracelet_silver","Silver Bracelet","A silver bracelet.",,"","","","","","","bracelet; provision; silver","items/provision_bracelet_silver.md"
"item","provision_buckle_silver","Silver Buckle","A silver belt buckle.",,"","","","","","","belt; buckle; provision; silver","items/provision_buckle_silver.md"
"item","provision_earring_silver","Silver Earring","A silver earring.",,"","","","","","","earring; provision; silver","items/provision_earring_silver.md"
"item","provision_jewelry_slvr_pearl_necklace","Silver Pearl Necklace","A necklace made of fine silver and pearls.",,"","","","","","","and; fine; jewelry; made; necklace; of; pearl; pearls; provision; silver; slvr","items/provision_jewelry_slvr_pearl_necklace.md"
"item","tent3","Simple Tent","A basic tent for camping.",,"","","","","","","basic; camping; for; simple; tent; tent3","items/tent3.md"
"item","singlebed","single bed","A comfortable single bed",,"","","","","","","bed; comfortable; single; singlebed","items/singlebed.md"
"item","skullpost","Skull Post","A decorative skull post",,"","","","","","","decorative; post; skull; skullpost","items/skullpost.md"
"item","provision_arrowhead_slate","Slate Arrowhead","A carefully made, well-preserved slate arrowhead.",,"","","","","","","arrowhead; carefully; made; preserved; provision; slate; well","items/provision_arrowhead_slate.md"
"item","a_c_fishbluegil_01_sm","Small Bluegil","A small Bluegil fish.",,"","","","","","","01; bluegil; fish; fishbluegil; sm; small","items/a_c_fishbluegil_01_sm.md"
"item","a_c_fishbullheadcat_01_sm","Small Bullhead","A small Bullhead fish.",,"","","","","","","01; bullhead; fish; fishbullheadcat; sm; small","items/a_c_fishbullheadcat_01_sm.md"
"item","butchertable1","Small Butcher Table","A small table used for butchering animals.",,"","","","","","","animals; butcher; butchering; butchertable1; for; small; table; used","items/butchertable1.md"
"item","smallchest","Small Chest","A small storage chest",,"","","","","","","chest; small; smallchest; storage","items/smallchest.md"
"item","Small_Leather","Small Leather","A small piece of leather",,"","","","","","","leather; of; piece; small","items/small_leather.md"
"item","smallmcandle","Small Melted Candle","A small melted candle",,"","","","","","","candle; melted; small; smallmcandle","items/smallmcandle.md"
"item","a_c_fishperch_01_sm","Small Perch","A small Perch fish.",,"","","","","","","01; fish; fishperch; perch; sm; small","items/a_c_fishperch_01_sm.md"
"item","a_c_fishchainpickerel_01_sm","Small Pickerel","A small Pickerel fish.",,"","","","","","","01; fish; fishchainpickerel; pickerel; sm; small","items/a_c_fishchainpickerel_01_sm.md"
"item","a_c_fishredfinpickerel_01_sm","Small Redfin Pickerel","A small Redfin Pickerel fish.",,"","","","","","","01; fish; fishredfinpickerel; pickerel; redfin; sm; small","items/a_c_fishredfinpickerel_01_sm.md"
"item","a_c_fishrockbass_01_sm","Small Rockbass","A small Rockbass fish.",,"","","","","","","01; fish; fishrockbass; rockbass; sm; small","items/a_c_fishrockbass_01_sm.md"
"item","a_c_fishsmallmouthbass_01_ms","Smallmouth Bass","A small and tasty bass fish.",,"","","","","","","01; and; bass; fish; fishsmallmouthbass; ms; small; smallmouth; tasty","items/a_c_fishsmallmouthbass_01_ms.md"
"item","Snake_Poison","Snake Poison","Poison extracted from a snake",,"","","","","","","extracted; from; poison; snake","items/snake_poison.md"
"item","SnakeSkin","Snake Skin","A snake skin",,"","","","","","","skin; snake; snakeskin","items/snakeskin.md"
"item","snaket","Snake tooth","A tooth from a snake",,"","","","","","","from; snake; snaket; tooth","items/snaket.md"
"item","egretb","Snowy Egret beak","The beak of a Snowy Egret, commonly used for crafting and trading.",,"","","","","","","and; beak; commonly; crafting; egret; egretb; for; of; snowy; the; trading; used","items/egretb.md"
"item","egretf","Snowy Egret feather","A feather obtained from a Snowy Egret, often used for decorative purposes and in crafting.",,"","","","","","","and; crafting; decorative; egret; egretf; feather; for; from; in; obtained; often; purposes; snowy; used","items/egretf.md"
"item","soborno","Soborno Alcohol","A bottle of Soborno alcohol",,"","","","","","","alcohol; bottle; of; soborno","items/soborno.md"
"item","a_c_fishsalmonsockeye_01_ms","Sockeye Salmon","A Sockeye Salmon fish.",,"","","","","","","01; fish; fishsalmonsockeye; ms; salmon; sockeye","items/a_c_fishsalmonsockeye_01_ms.md"
"item","wood","Soft Wood","A type of wood that is soft and easy to work with.",,"","","","","axe; bedroll; campfire; knife; pickaxe; tent","","and; axe; bedroll; campfire; easy; is; knife; lumber; lumberaxe; of; pickaxe; soft; tent; that; to; type; with; wood; work","items/wood.md"
"item","songbird_c","Songbird","A lovely songbird",,"","","","","","","lovely; songbird","items/songbird_c.md"
"item","sparrow1_c","Sparrow","A sparrow",,"","","","","","","sparrow; sparrow1","items/sparrow1_c.md"
"item","provision_ro_flower_sparrows","Sparrows Orchid","The Sparrows Orchid usually has 3 to 7 oval or lance-shaped leaves arranged alternately on the stem.",,"","","","","","","alternately; arranged; flower; has; lance; leaves; on; or; orchid; oval; provision; ro; shaped; sparrows; stem; the; to; usually","items/provision_ro_flower_sparrows.md"
"item","provision_ro_flower_spider","Spider Orchid","The Spider Orchid is Characterised by five long spreading petals and sepals around a broad down-curled lip.",,"","","","","","","and; around; broad; by; characterised; curled; down; five; flower; is; lip; long; orchid; petals; provision; ro; sepals; spider; spreading; the","items/provision_ro_flower_spider.md"
"item","p_lgoc_spinner_v4","Spinner V4","A high-speed spinner lure, perfect for attracting aggressive, fast-moving fish.",,"","","","","","","aggressive; attracting; fast; fish; for; high; lgoc; lure; moving; perfect; speed; spinner; v4","items/p_lgoc_spinner_v4.md"
"item","p_lgoc_spinner_v6","Spinner V6","An advanced spinner lure with enhanced spinning action, ideal for large, deep-water fish.",,"","","","","","","action; advanced; an; deep; enhanced; fish; for; ideal; large; lgoc; lure; spinner; spinning; v6; water; with","items/p_lgoc_spinner_v6.md"
"item","provision_arrowhead_splintered","Splintered Arrowhead","A partially damaged, jagged arrowhead made of chert.",,"","","","","","","arrowhead; chert; damaged; jagged; made; of; partially; provision; splintered","items/provision_arrowhead_splintered.md"
"item","consumable_spongecake","Sponge Cake","A soft and delicious spong cake.",,"","","","","","","and; cake; consumable; delicious; soft; spong; sponge; spongecake","items/consumable_spongecake.md"
"item","spool","Spool","A empty spool. often used to wrap wire around.",,"","","","","","","around; empty; often; spool; to; used; wire; wrap","items/spool.md"
"item","standingtorch","Standing Torch","A standing torch to provide light.",,"","","","","","","light; provide; standing; standingtorch; to; torch","items/standingtorch.md"
"item","steak","Steak","A delicious steak for a hearty meal.",,"","","","","","steak","delicious; for; hearty; meal; steak","items/steak.md"
"item","consumable_steakpie","Steak Pie","A delicious pie made with beef.",,"","","","","","","beef; consumable; delicious; made; pie; steak; steakpie; with","items/consumable_steakpie.md"
"item","steakveg","Steak with Veggies","A balanced meal with steak and vegetables.",,"","","","","","","and; balanced; meal; steak; steakveg; vegetables; veggies; with","items/steakveg.md"
"item","provision_jewelry_elk_tooth_earring","Sterling Tooth Earrings","A striking pair of elk teeth set into silver.",,"","","","","","","earring; earrings; elk; into; jewelry; of; pair; provision; set; silver; sterling; striking; teeth; tooth","items/provision_jewelry_elk_tooth_earring.md"
"item","stillkit","Still Kit","A kit for setting up a still to make distilled spirits.",,"","","","","","","distilled; for; kit; make; setting; spirits; still; stillkit; to; up","items/stillkit.md"
"item","stolenmerch","Stolen Items","Various stolen items of questionable origin.",,"","","","","","","items; of; origin; questionable; stolen; stolenmerch; various","items/stolenmerch.md"
"item","stonehammer","Stone Hammer","A durable hammer made of stone.",,"","","","","","","durable; hammer; made; of; stone; stonehammer","items/stonehammer.md"
"item","string","String","A bundle of string with many uses.",,"","","","","","","bundle; many; of; string; uses; with","items/string.md"
"item","stringy","Stringy Meat","Tough and chewy meat that requires thorough cooking.",,"","","","","","","and; chewy; cooking; meat; requires; stringy; that; thorough; tough","items/stringy.md"
"item","mashstrong","Strong Mash Batch","A powerful and highly concentrated mash batch for advanced recipes",,"","","","","","","advanced; and; batch; concentrated; for; highly; mash; mashstrong; powerful; recipes; strong","items/mashstrong.md"
"item","sugar","Sugar","A sweet and granulated substance used for sweetening.",,"","","","","apple_pie; blueberry_pie","","and; apple; applepie; blueberry; blueberrypie; consumable; for; granulated; pie; substance; sugar; sweet; sweetening; used","items/sugar.md"
"item","sugarcube","Sugar Cube","A compact form of sugar for easy use.",,"","","","","","","compact; cube; easy; for; form; of; sugar; sugarcube; use","items/sugarcube.md"
"item","sugarcaneseed","Sugarcane Seed","Seeds for growing sugarcane.",,"","","","","","","for; growing; seed; seeds; sugarcane; sugarcaneseed","items/sugarcaneseed.md"
"item","sulfur","Sulfur","A yellow chemical element often used in manufacturing.",,"","","","","","","chemical; element; in; manufacturing; often; sulfur; used; yellow","items/sulfur.md"
"item","syn","Syn","A synthetic substance used for various purposes.",,"","","","","","","for; purposes; substance; syn; synthetic; used; various","items/syn.md"
"item","synpackage","Syn Package","A package containing synthetic substances.",,"","","","","","","containing; package; substances; syn; synpackage; synthetic","items/synpackage.md"
"item","fertilizersyn","Synful Fertilizer","A potent and forbidden fertilizer concocted from mystical ingredients, known to produce extraordinary growth in plants.",,"","","","","","","and; concocted; extraordinary; fertilizer; fertilizersyn; forbidden; from; growth; in; ingredients; known; mystical; plants; potent; produce; synful; to","items/fertilizersyn.md"
"item","syringe","Syringe","A medical instrument used for injecting fluids.",,"","","","","","","fluids; for; injecting; instrument; medical; syringe; used","items/syringe.md"
"item","syringe_2","Syringe","A medical instrument used for injecting fluids.",,"","","","","","","fluids; for; injecting; instrument; medical; syringe; used","items/syringe_2.md"
"item","syringecert","Syringe Cert","A certification for the proper use of syringes.",,"","","","","","","cert; certification; for; of; proper; syringe; syringecert; syringes; the; use","items/syringecert.md"
"item","normaltable","Table","A standard table for dining or work purposes",,"","","","","","","dining; for; normaltable; or; purposes; standard; table; work","items/normaltable.md"
"item","standard_table","Table","A standard table for various uses.",,"","","","","","","for; standard; table; uses; various","items/standard_table.md"
"item","mexitillastaco","Taco","A delicous taco.",,"","","","","","","delicous; mexitillastaco; taco","items/mexitillastaco.md"
"item","collector_fossil_tail_spike","Tail Spike Fossil","A rare fossilized tail spike, thought to have belonged to a Stegosaurus.",,"","","","","","","belonged; collector; fossil; fossilized; have; rare; spike; stegosaurus; tail; thought; to","items/collector_fossil_tail_spike.md"
"item","teabag","Teabag","A teabag for making that perfect cup.",,"","","","","","","cup; for; making; perfect; teabag; that","items/teabag.md"
"item","tealeaf","Tealeaf","Used to make tea or teabags.",,"","","","","","","make; or; tea; teabags; tealeaf; to; used","items/tealeaf.md"
"item","tent","Tent","A portable shelter for camping or temporary use.",,"","","","","","tent","camping; for; or; portable; shelter; temporary; tent; use","items/tent.md"
"item","tequila","Tequila","A bottle of tequila.",,"","","","","","","bottle; of; tequila","items/tequila.md"
"item","Texas_Bonnet","Texas Bonnet","A traditional Texas bonnet.",,"","","","","","","bonnet; texas; traditional","items/texas_bonnet.md"
"item","Texas_Bonnet_Seed","Texas Bonnet Seed","Seeds to grow Texas Bonnet flowers.",,"","","","","","","bonnet; flowers; grow; seed; seeds; texas; to","items/texas_bonnet_seed.md"
"item","provision_jewelry_pers_turq_ring","Thorburn Turquoise Ring","A delicately crafted rose gold ring with turquoise beads.",,"","","","","","","beads; crafted; delicately; gold; jewelry; pers; provision; ring; rose; thorburn; turq; turquoise; with","items/provision_jewelry_pers_turq_ring.md"
"item","cinematicket","Ticket","A ticket for a movie or event.",,"","","","","","","cinematicket; event; for; movie; or; ticket","items/cinematicket.md"
"item","timber","Timber","A sturdy chunck of timber.",,"","","","","","","chunck; of; sturdy; timber","items/timber.md"
"item","timber_table","Timber Table","A table made of timber.",,"","","","","","","made; of; table; timber","items/timber_table.md"
"item","timbertable","Timber Table","A sturdy table made of timber.",,"","","","","","","made; of; sturdy; table; timber; timbertable","items/timbertable.md"
"item","toad_c","Toad","A common toad.",,"","","","","","","common; toad","items/toad_c.md"
"item","collector_fossil_toe_claw","Toe Sickle Claw Fossil","A rare fossilized claw. Still sharp, it belonged to a genus of Dromaeosauridae.",,"","","","","","","belonged; claw; collector; dromaeosauridae; fossil; fossilized; genus; it; of; rare; sharp; sickle; still; to; toe","items/collector_fossil_toe_claw.md"
"item","ammotomahawk","Tomahawk Ammo","Ammo used for Tomahawk throwing weapons",,"","","","","","","ammo; ammotomahawk; for; throwing; tomahawk; used; weapons","items/ammotomahawk.md"
"item","tool_barrel","Tool Barrel","A barrel used for storing tools.",,"","","","","","","barrel; for; storing; tool; tools; used","items/tool_barrel.md"
"item","toolbarrel","Tool Barrel","A barrel for storing tools.",,"","","","","","","barrel; for; storing; tool; toolbarrel; tools","items/toolbarrel.md"
"item","provision_hrlm_comb_tortoiseshell","Tortoiseshell Comb","A beautiful tortoiseshell comb.",,"","","","","","","beautiful; comb; hrlm; provision; tortoiseshell","items/provision_hrlm_comb_tortoiseshell.md"
"item","tent2","Trader Tent","A tent specifically designed for trading purposes.",,"","","","","","","designed; for; purposes; specifically; tent; tent2; trader; trading","items/tent2.md"
"item","trainkey","Train Key","A key to unlock a train.",,"","","","","","","key; to; train; trainkey; unlock","items/trainkey.md"
"item","trout","Trout","A fish of the trout family.",,"","","","","","","family; fish; of; the; trout","items/trout.md"
"item","provision_jewelry_blck_pearl_necklace","Tuamotu Pearl Necklace","A silk strung necklace of magnificent black Tahitian pearls.",,"","","","","","","black; blck; jewelry; magnificent; necklace; of; pearl; pearls; provision; silk; strung; tahitian; tuamotu","items/provision_jewelry_blck_pearl_necklace.md"
"item","collector_fossil_tully_monster","Tully Monster Fossil","An uncommon Tullimonstrum fossil, nicely preserved.",,"","","","","","","an; collector; fossil; monster; nicely; preserved; tullimonstrum; tully; uncommon","items/collector_fossil_tully_monster.md"
"item","turkeyb","Turkey beak","The beak of a turkey.",,"","","","","","","beak; of; the; turkey; turkeyb","items/turkeyb.md"
"item","turkeyf","Turkey feather","A feather from a turkey.",,"","","","","","","feather; from; turkey; turkeyf","items/turkeyf.md"
"item","TurtleShell","Turtle Shell","The shell of a turtle.",,"","","","","","","of; shell; the; turtle; turtleshell","items/turtleshell.md"
"item","turtlet","Turtle tooth","A tooth extracted from a turtle.",,"","","","","","","extracted; from; tooth; turtle; turtlet","items/turtlet.md"
"item","tylenol","Tylenol","A medication called Tylenol.",,"","","","","","","called; medication; tylenol","items/tylenol.md"
"item","collector_fossil_tooth_mega","Upper Tooth Fossil","A rare fossilized tooth from a Megalodon.",,"","","","","","","collector; fossil; fossilized; from; mega; megalodon; rare; tooth; upper","items/collector_fossil_tooth_mega.md"
"item","provision_disco_urn","Urn","A simple urn often used to hold things.",,"","","","","","","disco; hold; often; provision; simple; things; to; urn; used","items/provision_disco_urn.md"
"item","vanillacake","Vanilla Cake","A tasty vanilla flavored cake.",,"","","","","","","cake; flavored; tasty; vanilla; vanillacake","items/vanillacake.md"
"item","consumable_herb_vanilla_flower","Vanilla Flower","A delicate vanilla flower.",,"","","","","","","consumable; delicate; flower; herb; vanilla","items/consumable_herb_vanilla_flower.md"
"item","vanillaFlower","Vanille Flower","A flower known as Vanille.",,"","","","","","","as; flower; known; vanillaflower; vanille","items/vanillaflower.md"
"item","ammovarmint","Varmint Ammo","Ammo used for Varmint rifles",,"","","","","","","ammo; ammovarmint; for; rifles; used; varmint","items/ammovarmint.md"
"item","ammovarminttranq","Varmint Tranquilizer Ammo","Ammo used for tranquilizing animals with Varmint rifles",,"","","","","","","ammo; ammovarminttranq; animals; for; rifles; tranquilizer; tranquilizing; used; varmint; with","items/ammovarminttranq.md"
"item","varnish","Varnish","A typical wood finish made from oils and resins.",,"","","","","","","and; finish; from; made; oils; resins; typical; varnish; wood","items/varnish.md"
"item","venison","Venison","Lean meat obtained from deer.",,"","","","","","","deer; from; lean; meat; obtained; venison","items/venison.md"
"item","provision_disco_viking_comb","Viking Comb","A old viking comb.",,"","","","","","","comb; disco; old; provision; viking","items/provision_disco_viking_comb.md"
"item","Violet_Snowdrop","Violet Snowdrop","A delicate flower called Violet Snowdrop.",,"","","","","","","called; delicate; flower; snowdrop; violet","items/violet_snowdrop.md"
"item","Violet_Snowdrop_Seed","Violet Snowdrop Seed","Seeds to grow Violet Snowdrop flowers.",,"","","","","","","flowers; grow; seed; seeds; snowdrop; to; violet","items/violet_snowdrop_seed.md"
"item","vodka","Vodka","A strong alcoholic beverage known as Vodka.",,"","","","","","","alcoholic; as; beverage; known; strong; vodka","items/vodka.md"
"item","ammovoldynamite","Volatile Dynamite Ammo","Ammo used for crafting Volatile Dynamite",,"","","","","","","ammo; ammovoldynamite; crafting; dynamite; for; used; volatile","items/ammovoldynamite.md"
"item","ammovolmolotov","Volatile Molotov Ammo","Ammo used for crafting Volatile Molotovs",,"","","","","","","ammo; ammovolmolotov; crafting; for; molotov; molotovs; used; volatile","items/ammovolmolotov.md"
"item","Volture_Egg","Volture Egg","An egg laid by a Volture bird.",,"","","","","","","an; bird; by; egg; laid; volture","items/volture_egg.md"
"item","vulture_taxidermy","Vulture Taxidermy","A preserved vulture bird for display.",,"","","","","","","bird; display; for; preserved; taxidermy; vulture","items/vulture_taxidermy.md"
"item","vulturetaxi","Vulture Taxidermy","A taxidermy of a vulture bird.",,"","","","","","","bird; of; taxidermy; vulture; vulturetaxi","items/vulturetaxi.md"
"item","washtub","Wash Tub","A tub used for washing clothes or other items.",,"","","","","","","clothes; for; items; or; other; tub; used; wash; washing; washtub","items/washtub.md"
"item","water","Water","Clean drinking water.",,"","","","","apple_pie; bird_stew; bird_stew_2; blueberry_pie; premium_beef_jerky; veggie_stew","","apple; applepie; beef; beefjerky; bird; birdstew; blueberry; blueberrypie; clean; consumable; drinking; jerky; pie; premium; stew; veggie; vegstew; water","items/water.md"
"item","waterbarrel","Water Barrel","A large barrel used for storing water.",,"","","","","","","barrel; for; large; storing; used; water; waterbarrel","items/waterbarrel.md"
"item","wateringcan","Water Jug","A jug-shaped container used for watering plants.",,"","","","","","","container; for; jug; plants; shaped; used; water; watering; wateringcan","items/wateringcan.md"
"item","water_pump","Water Pump","A pump designed to move water.",,"","","","","","","designed; move; pump; to; water","items/water_pump.md"
"item","waterpump","Water Pump","A device used for pumping water.",,"","","","","","","device; for; pump; pumping; used; water; waterpump","items/waterpump.md"
"item","wsnakeskin","Watersnake pelt","The skin of a watersnake.",,"","","","","","","of; pelt; skin; the; watersnake; wsnakeskin","items/wsnakeskin.md"
"item","wedding_ring","Wedding Ring","A beautiful wedding ring.",,"","","","","","","beautiful; ring; wedding","items/wedding_ring.md"
"item","wedding_chain_ring","Wedding Ring on chain","A wedding ring on chain. usally worn this way so they dont get lost.",,"","","","","","","chain; dont; get; lost; on; ring; so; they; this; usally; way; wedding; worn","items/wedding_chain_ring.md"
"item","wsnakes","Western rattlesnake pelt","The skin of a western rattlesnake.",,"","","","","","","of; pelt; rattlesnake; skin; the; western; wsnakes","items/wsnakes.md"
"item","wheat","Wheat","Often ground up into flour to used in cooking and baking",,"","","","","","","and; baking; cooking; flour; ground; in; into; often; to; up; used; wheat","items/wheat.md"
"item","wheatseed","Wheat Seed","When planted will grow into wheat.",,"","","","","","","grow; into; planted; seed; wheat; wheatseed; when; will","items/wheatseed.md"
"item","whisky","Whisky","An alcoholic beverage known as whisky.",,"","","","","","","alcoholic; an; as; beverage; known; whisky","items/whisky.md"
"item","wicker","Wicker","A natural material made from woven branches or reeds",,"","","","","","","branches; from; made; material; natural; or; reeds; wicker; woven","items/wicker.md"
"item","wicker_bench","Wicker Bench","A bench constructed with wicker material.",,"","","","","","","bench; constructed; material; wicker; with","items/wicker_bench.md"
"item","wickerbench","Wicker Bench","A bench made from wicker material.",,"","","","","","","bench; from; made; material; wicker; wickerbench","items/wickerbench.md"
"item","Wild_Carrot","Wild Carrot","A type of carrot that grows in the wild.",,"","","","","","","carrot; grows; in; of; that; the; type; wild","items/wild_carrot.md"
"item","Wild_Carrot_Seed","Wild Carrot Seed","Seeds to cultivate wild carrots.",,"","","","","","","carrot; carrots; cultivate; seed; seeds; to; wild","items/wild_carrot_seed.md"
"item","Wild_Feverfew","Wild Feverfew","A wild plant known as Feverfew.",,"","","","","","","as; feverfew; known; plant; wild","items/wild_feverfew.md"
"item","Wild_Feverfew_Seed","Wild Feverfew Seed","Seeds to grow Feverfew plants.",,"","","","","","","feverfew; grow; plants; seed; seeds; to; wild","items/wild_feverfew_seed.md"
"item","Wild_Mint","Wild Mint","A type of mint that grows in the wild.",,"","","","","","","grows; in; mint; of; that; the; type; wild","items/wild_mint.md"
"item","Wild_Mint_Seed","Wild Mint Seed","Seeds to cultivate wild mint.",,"","","","","","","cultivate; mint; seed; seeds; to; wild","items/wild_mint_seed.md"
"item","Wild_Rhubarb","Wild Rhubarb","A rhubarb plant that grows in the wild.",,"","","","","","","grows; in; plant; rhubarb; that; the; wild","items/wild_rhubarb.md"
"item","Wild_Rhubarb_Seed","Wild Rhubarb Seed","Seeds to grow wild rhubarb.",,"","","","","","","grow; rhubarb; seed; seeds; to; wild","items/wild_rhubarb_seed.md"
"item","wine","Wine","An alcoholic beverage made from fermented grapes.",,"","","","","","","alcoholic; an; beverage; fermented; from; grapes; made; wine","items/wine.md"
"item","consumable_herb_wintergreen_berry","Wintergreen Berry","Tart and refreshing Wintergreen Berries.",,"","","","","","","and; berries; berry; consumable; herb; refreshing; tart; wintergreen","items/consumable_herb_wintergreen_berry.md"
"item","Wintergreen_Berry","Wintergreen Berry","Berries from the wintergreen plant.",,"","","","","","","berries; berry; from; plant; the; wintergreen","items/wintergreen_berry.md"
"item","Wintergreen_Berry_Seed","Wintergreen Berry Seed","Seeds to cultivate wintergreen berries.",,"","","","","","","berries; berry; cultivate; seed; seeds; to; wintergreen","items/wintergreen_berry_seed.md"
"item","Wisteria","Wisteria","A flowering plant called Wisteria.",,"","","","","","","called; flowering; plant; wisteria","items/wisteria.md"
"item","Wisteria_Seed","Wisteria Seed","Seeds to grow Wisteria plants.",,"","","","","","","grow; plants; seed; seeds; to; wisteria","items/wisteria_seed.md"
"item","wojape","Wojape","A traditional Native American sauce made from berries.",,"","","","","","","american; berries; from; made; native; sauce; traditional; wojape","items/wojape.md"
"item","wolfheart","Wolf heart","The heart of a wolf.",,"","","","","","","heart; of; the; wolf; wolfheart","items/wolfheart.md"
"item","wolfpelt","Wolf skin","The skin of a wolf.",,"","","","","","","of; skin; the; wolf; wolfpelt","items/wolfpelt.md"
"item","wolftooth","Wolf tooth","A tooth extracted from a wolf.",,"","","","","","","extracted; from; tooth; wolf; wolftooth","items/wolftooth.md"
"item","wood_chair","Wood Chair","A chair made from wood material.",,"","","","","","","chair; from; made; material; wood","items/wood_chair.md"
"item","woodchair","Wood Chair","A chair made from wood material.",,"","","","","","","chair; from; made; material; wood; woodchair","items/woodchair.md"
"item","wood_plane","Wood Plane","A wood plane used for shaping wood.",,"","","","","","","for; plane; shaping; used; wood","items/wood_plane.md"
"item","woodbench","Wooden Bench","A bench made from wood material.",,"","","","","","","bench; from; made; material; wood; woodbench; wooden","items/woodbench.md"
"item","wooden_bench","Wooden Bench","A bench constructed with wooden material.",,"","","","","","","bench; constructed; material; with; wooden","items/wooden_bench.md"
"item","wooden_boards","Wooden Boards","Boards made from wood material.",,"","","","","","","boards; from; made; material; wood; wooden","items/wooden_boards.md"
"item","provision_calderon_cross","Wooden Cross","A simple wooden cross. Often used by preists and clergymen.",,"","","","","","","and; by; calderon; clergymen; cross; often; preists; provision; simple; used; wooden","items/provision_calderon_cross.md"
"item","provision_hrlm_hairpin_wooden","Wooden Hairpin","A hand carved wooden hairpin.",,"","","","","","","carved; hairpin; hand; hrlm; provision; wooden","items/provision_hrlm_hairpin_wooden.md"
"item","woodpeck01_c","Woodpecker","The skin and feathers of a woodpecker.",,"","","","","","","and; feathers; of; skin; the; woodpeck01; woodpecker","items/woodpeck01_c.md"
"item","woodpeck02_c","Woodpecker 2","The skin and feathers of a woodpecker.",,"","","","","","","and; feathers; of; skin; the; woodpeck02; woodpecker","items/woodpeck02_c.md"
"item","woodsaw","Woodsaw","Used to cut wood.",,"","","","","","","cut; to; used; wood; woodsaw","items/woodsaw.md"
"item","wool","Wool","Fiber obtained from the fleece of sheep.",,"","","","","cloth","","cloth; fiber; fleece; from; obtained; of; sheep; the; wool","items/wool.md"
"item","p_baitWorm01x","Worm Bait","A classic bait made from worms, ideal for catching a wide variety of fish species.",,"","","","","","","bait; baitworm01x; catching; classic; fish; for; from; ideal; made; of; species; variety; wide; worm; worms","items/p_baitworm01x.md"
"item","wrench","Wrench","A wrech used to tighten bolts and other things.",,"","","","","","","and; bolts; other; things; tighten; to; used; wrech; wrench","items/wrench.md"
"item","Yarrow","Yarrow","A flowering plant known as Yarrow.",,"","","","","","","as; flowering; known; plant; yarrow","items/yarrow.md"
"item","Yarrow_Seed","Yarrow Seed","Seeds to grow Yarrow plants.",,"","","","","","","grow; plants; seed; seeds; to; yarrow","items/yarrow_seed.md"
"item","provision_jewelry_ylwgld_dmnd_ring","Yates Diamond Ring","An intricate gold band with one cushion cut diamond.",,"","","","","","","an; band; cushion; cut; diamond; dmnd; gold; intricate; jewelry; one; provision; ring; with; yates; ylwgld","items/provision_jewelry_ylwgld_dmnd_ring.md"
"item","collector_fossil_pet_wood_yellow_cat","Yellow Cat Petrified Wood Fossil","An uncommon lump of petrified wood featuring bright red and yellow colors.",,"","","","","","","an; and; bright; cat; collector; colors; featuring; fossil; lump; of; pet; petrified; red; uncommon; wood; yellow","items/collector_fossil_pet_wood_yellow_cat.md"
"recipe","apple_pie","Apple Pie",,"item",,"food","apple; water; sugar; flour; eggs","consumable_applepie","","","apple; applepie; consumable; egg; eggs; flour; food; item; pie; sugar; water","recipes/apple_pie.md"
"recipe","axe","Axe",,"item",,"items","iron; wood","lumberaxe","","","axe; iron; item; items; lumber; lumberaxe; soft; wood","recipes/axe.md"
"recipe","bedroll","Bedroll",,"item",,"items","pelt; cloth; wood","bedroll","","","bedroll; cloth; item; items; pelt; soft; wood","recipes/bedroll.md"
"recipe","beef_jerky","Beef Jerky",,"item",,"food","meat; salt","beefjerky","","","beef; beefjerky; food; item; jerky; meat; salt","recipes/beef_jerky.md"
"recipe","bird_stew","Bird Stew",,"item",,"food","bird; carrots; corn; water; salt","birdstew","","","bird; birdstew; carrot; carrots; corn; food; item; meat; salt; stew; water","recipes/bird_stew.md"
"recipe","bird_stew_2","Bird Stew",,"item",,"food","bird; carrots; corn; water; salt","birdstew","","","bird; birdstew; carrot; carrots; corn; food; item; meat; salt; stew; water","recipes/bird_stew_2.md"
"recipe","blueberry_pie","Blueberry Pie",,"item",,"food","blueberry; water; sugar; eggs; flour","consumable_blueberrypie","","","blueberry; blueberrypie; consumable; egg; eggs; flour; food; item; pie; sugar; water","recipes/blueberry_pie.md"
"recipe","bow","Bow",,"weapon",,"weapons","hwood; fibers","WEAPON_BOW_IMPROVED","","","bow; fibers; hard; hwood; improved; weapon; weapons; wood","recipes/bow.md"
"recipe","breakfast","Breakfast",,"item",,"food","pork; eggs","consumable_breakfast","","","breakfast; consumable; egg; eggs; food; item; pork","recipes/breakfast.md"
"recipe","campfire","Campfire",,"item",,"items","rock; wood; coal","campfire","","","campfire; coal; item; items; rock; soft; wood","recipes/campfire.md"
"recipe","cigar","Cigar",,"item",,"items","Indian_Tobbaco; fibers","cigar","","","cigar; fibers; indian; item; items; tobbaco","recipes/cigar.md"
"recipe","cigarette","Cigarette",,"item",,"items","Indian_Tobbaco; fibers","cigarette","","","cigarette; fibers; indian; item; items; tobbaco","recipes/cigarette.md"
"recipe","cloth","Cloth",,"item",,"items","wool","cloth","","","cloth; item; items; wool","recipes/cloth.md"
"recipe","knife","Knife",,"weapon",,"meleeweapons","iron; wood","WEAPON_MELEE_KNIFE","","","iron; knife; melee; meleeweapons; soft; weapon; wood","recipes/knife.md"
"recipe","pickaxe","PickAxe",,"item",,"items","iron; wood","pickaxe","","","iron; item; items; pickaxe; soft; wood","recipes/pickaxe.md"
"recipe","plain_big_game_meat","Plain Big Game Meat",,"item",,"food","biggame","CookedBigGameMeat","","","big; biggame; cooked; cookedbiggamemeat; food; game; item; meat; plain","recipes/plain_big_game_meat.md"
"recipe","plain_cooked_bird","Plain Cooked Bird",,"item",,"food","bird","cookedbird","","","bird; cooked; cookedbird; food; item; meat; plain","recipes/plain_cooked_bird.md"
"recipe","plain_small_game","Plain Small Game",,"item",,"food","consumable_game","plainsmallgame","","","consumable; food; game; gamemeat; item; jerkied; plain; plainsmallgame; small","recipes/plain_small_game.md"
"recipe","porkchop","PorkChop",,"item",,"food","pork","cookedpork","","","cookedpork; food; item; pork; porkchop; seasoned","recipes/porkchop.md"
"recipe","porkchops_and_applesauce","Porkchops and Applesauce",,"item",,"food","pork; apple","porknapples","","","and; apple; applesauce; food; item; pork; porkchops; porknapples","recipes/porkchops_and_applesauce.md"
"recipe","premium_beef_jerky","Premium Beef Jerky",,"item",,"food","beefjerky; salt; water","premium_beefjerky","","","beef; beefjerky; food; item; jerky; premium; salt; water","recipes/premium_beef_jerky.md"
"recipe","refined_gold_ore","Refined Gold Ore",,"item",,"items","gold_nugget","","","","gold; item; items; nugget; ore; refined","recipes/refined_gold_ore.md"
"recipe","revolver_navy","Revolver Navy",,"weapon",,"weapons","revolverbarrel; revolvercylinder; revolverhandle","WEAPON_REVOLVER_NAVY","","","barrel; cylinder; handle; navy; revolver; revolverbarrel; revolvercylinder; revolverhandle; weapon; weapons","recipes/revolver_navy.md"
"recipe","rope","Rope",,"item",,"items","fibers","rope","","","fibers; item; items; rope","recipes/rope.md"
"recipe","seasoned_big_game","Seasoned Big Game",,"item",,"food","biggame; salt","SaltedCookedBigGameMeat","","","big; biggame; food; game; item; meat; salt; saltedcookedbiggamemeat; seasoned","recipes/seasoned_big_game.md"
"recipe","seasoned_porkchop","Seasoned Porkchop",,"item",,"food","pork; salt","cookedpork","","","cookedpork; food; item; pork; porkchop; salt; seasoned","recipes/seasoned_porkchop.md"
"recipe","seasoned_small_game","Seasoned Small Game",,"item",,"food","consumable_game; salt","cookedsmallgame","","","consumable; cookedsmallgame; food; game; gamemeat; item; jerkied; salt; seasoned; small","recipes/seasoned_small_game.md"
"recipe","steak","Steak",,"item",,"food","meat","steak","","","food; item; meat; steak","recipes/steak.md"
"recipe","steak_n_eggs","Steak n' Eggs",,"item",,"food","meat; eggs; potato","steakeggs","","","egg; eggs; food; item; meat; potato; steak; steakeggs","recipes/steak_n_eggs.md"
"recipe","tent","Tent",,"item",,"items","cloth; rope; wood","tent","","","cloth; item; items; rope; soft; tent; wood","recipes/tent.md"
"recipe","veggie_stew","Veggie Stew",,"item",,"food","carrots; corn; potato; water; salt","vegstew","","","carrot; carrots; corn; food; item; potato; salt; stew; veggie; vegstew; water","recipes/veggie_stew.md"
